hex_id,soft_wheat_area_km2,hard_wheat_area_km2,corn_grain_area_km2,corn_silage_area_km2,barley_area_km2,rapeseed_area_km2,sunflower_area_km2,sugarbeet_area_km2,vineyards_area_km2
1332,NA,NA,NA,NA,NA,NA,NA,NA,NA
1333,NA,NA,NA,NA,NA,NA,NA,NA,NA
1334,NA,NA,NA,NA,NA,NA,NA,NA,NA
1335,NA,NA,NA,NA,NA,NA,NA,NA,NA
1336,NA,NA,NA,NA,NA,NA,NA,NA,NA
1337,NA,NA,NA,NA,NA,NA,NA,NA,0.032
1338,NA,NA,NA,NA,0.034,NA,NA,NA,0.613
1339,NA,NA,NA,NA,0.104,NA,NA,NA,1.449
1340,NA,NA,NA,NA,NA,NA,NA,NA,0.336
1341,NA,NA,NA,NA,0.078,NA,NA,NA,1.215
1342,NA,NA,NA,NA,NA,NA,NA,NA,0.003
1343,0.02116,NA,NA,NA,0.095,NA,NA,NA,1.348
1344,NA,NA,NA,NA,NA,NA,NA,NA,NA
1345,NA,NA,0.005,NA,NA,NA,NA,0.002,1.715
1346,0.02759,NA,NA,NA,0.013,NA,NA,NA,0.046
1347,NA,NA,NA,NA,NA,NA,NA,NA,NA
1348,NA,NA,NA,NA,NA,NA,NA,NA,NA
1349,NA,NA,NA,NA,NA,NA,NA,NA,3.319
1350,NA,NA,NA,NA,NA,NA,NA,NA,NA
1351,NA,NA,NA,NA,0.163,NA,NA,NA,NA
1352,NA,NA,NA,NA,NA,NA,NA,NA,2.053
1353,NA,NA,NA,NA,NA,NA,NA,NA,NA
1354,NA,NA,NA,NA,NA,NA,NA,NA,0.229
1355,NA,NA,NA,NA,NA,NA,NA,NA,0.741
1356,NA,NA,0.425,NA,NA,NA,NA,0.004,7.767
1357,NA,NA,NA,NA,NA,NA,NA,NA,0.787
1358,NA,NA,NA,NA,NA,NA,NA,NA,2.372
1359,NA,NA,NA,NA,NA,NA,NA,NA,NA
1360,NA,NA,0.699,NA,NA,NA,NA,NA,0.961
1361,0.1634,NA,0.552,NA,0.637,NA,NA,NA,10.63
1362,NA,NA,1.465,NA,0.428,NA,NA,NA,1.543
1363,NA,NA,NA,NA,NA,NA,NA,NA,0.243
1364,NA,NA,NA,NA,NA,NA,NA,NA,0.006
1365,0.20588,0.018,2.329,NA,1.08,NA,NA,NA,14.533
1366,NA,0.049,0.457,NA,0.08,NA,NA,NA,0.71
1367,NA,NA,NA,NA,NA,NA,NA,NA,NA
513,167.57918,14.198,15.326,NA,44.844,88.28,0.207,7.123,NA
514,139.45442,6.13,2.279,0.396,47.114,80.757,0.109,5.588,NA
515,126.98017,0.25,3.5380000000000003,2.874,31.397,56.896,0.281,2.187,NA
515,126.98017,0.011,3.5380000000000003,2.874,31.397,56.896,0.281,2.187,NA
535,92.89433,79.574,55.61,0.08,33.162,42.464,0.421,14.028,NA
536,138.57007,8.506,6.33,NA,47.578,74.257,NA,6.75,NA
537,120.26784,1.262,9.95,NA,44.852999999999994,51.126,NA,0.785,NA
537,120.26784,0.272,9.95,NA,44.852999999999994,51.126,NA,0.785,NA
538,106.92478,0.102,7.16,2.516,26.743,33.305,NA,25.231,NA
559,126.38394,61.432,25.48,NA,44.43,64.12,NA,23.709,NA
560,68.71030999999999,1.403,3.872,0.562,34.321,38.54,0.021,1.192,NA
560,68.71030999999999,0.356,3.872,0.562,34.321,38.54,0.021,1.192,NA
561,70.1888,0.982,10.476,1.033,27.347,28.577,0.807,1.639,NA
583,81.85676000000001,100.983,31.1,NA,61.455,25.082,0.086,56.153,NA
584,145.26192,12.949,5.441000000000001,NA,42.904,65.987,0.046,22.422,NA
584,145.26192,5.389,5.441000000000001,NA,42.904,65.987,0.046,22.422,NA
585,88.23428,1.608,15.168,0.441,34.566,44.821,0.045,1.568,NA
586,128.18751,NA,10.767,0.6639999999999999,36.31,41.547,0.139,34.023,NA
609,126.56313,25.523,11.093,0.018,90.905,54.28,0.605,38.278,NA
609,126.56313,4.269,11.093,0.018,90.905,54.28,0.605,38.278,NA
610,50.98482,0.238,9.951,1.165,12.888,23.005,NA,5.51,NA
611,67.40562,0.02,11.561,0.027,23.284,23.4,0.245,14.655,NA
633,105.90102,29.345,10.11,0.465,97.508,22.984,2.484,46.177,NA
634,95.51175,4.224,5.309,NA,43.107,37.13,1.451,20.77,NA
635,13.13147,0.189,4.023,0.811,5.043,5.04,0.034,0.849,NA
636,118.0018,NA,14.578,1.845,30.348,45.73,1.12,27.143,NA
658,112.39093,7.464,5.065,NA,106.141,30.141,1.841,44.064,NA
658,112.39093,3.354,5.065,NA,106.141,30.141,1.841,44.064,NA
659,26.92049,NA,9.657,0.308,11.242,9.254,NA,1.962,NA
660,47.11367,NA,20.105,NA,4.189,11.105,NA,12.611,NA
682,105.30714,13.306,9.312,0.546,129.291,29.252,2.531,54.639,NA
682,105.30714,2.163,9.312,0.546,129.291,29.252,2.531,54.639,NA
683,68.21499,1.305,3.378,NA,40.536,32.477,0.273,12.862,NA
684,0.27598,NA,NA,NA,0.005,NA,NA,NA,NA
685,54.93226,0.06,11.685,0.071,9.557,15.032,0.717,19.23,NA
708,63.109370000000006,1.643,1.284,NA,51.496,20.962,0.127,28.293,NA
709,62.79459,0.163,11.084,NA,19.539,16.764,NA,25.792,NA
710,94.28239,0.074,17.562,0.005,11.184,31.215,0.047,37.735,NA
733,85.63742,3.871,8.635,0.123,81.577,42.435,1.0630000000000002,27.16,NA
733,85.63742,1.416,8.635,0.123,81.577,42.435,1.0630000000000002,27.16,NA
734,53.75825,NA,10.672,NA,23.176,21.357,0.298,13.377,NA
735,38.43697,NA,18.7,1.179,15.462,14.203,NA,6.531,NA
736,118.01697,NA,6.919,0.19,19.176,41.997,0.447,53.359,NA
758,81.45962,0.007,7.447,NA,51.584,41.641,2.621,14.761,NA
759,114.64265,0.296,29.91,0.096,36.488,33.05,0.684,36.652,NA
760,125.94849,NA,11.792,0.307,30.22,40.175,0.398,56.037000000000006,NA
782,106.65949,0.008,14.701,1.414,53.589,71.472,0.863,8.393,NA
783,103.51763,NA,24.324,1.704,38.138,27.788,1.233,21.654,NA
784,116.85958,NA,42.369,1.233,24.255,20.449,0.001,22.458,NA
785,89.06282999999999,NA,2.788,0.64,22.345,27.885,0.587,39.487,NA
805,112.36711,0.284,8.69,0.356,63.84,55.629,6.957,15.933,0.001
806,159.73798,NA,38.66,1.533,36.71,44.404,0.495,33.407,NA
807,97.44569,NA,17.759,2.209,32.726,36.114999999999995,0.517,23.619,1.458
827,70.87113,0.1,13.312,1.63,41.695,47.491,1.23,0.673,0.004
828,107.38423,0.201,15.09,0.989,61.096,42.897000000000006,1.508,21.737,0.004
829,126.72534,NA,31.616,6.686999999999999,42.067,42.439,0.099,8.165000000000001,NA
830,122.1194,NA,9.267,3.424,37.695,41.937,NA,45.571,NA
849,115.17865,0.141,6.434,0.152,77.27,58.59,4.696,14.298,NA
849,115.17865,0.428,6.434,0.152,77.27,58.59,4.696,14.298,NA
850,120.90923,0.16,16.377,1.779,46.48,63.756,0.722,11.621,2.778
851,65.26179,NA,14.771,3.072,32.928,33.464,0.803,6.702999999999999,2.057
869,85.71194,0.04,2.318,1.612,60.943,53.369,4.259,0.232,0.001
869,85.71194,0.098,2.318,1.612,60.943,53.369,4.259,0.232,0.001
870,96.37424,0.043,4.664,0.416,67.291,35.162,1.504,36.231,NA
871,110.36563,0.035,14.732,4.54,42.884,67.299,0.518,9.952,1.493
872,108.09871,0.069,11.159,1.372,59.853,49.898,NA,15.178,3.071
872,108.09871,0.07,11.159,1.372,59.853,49.898,NA,15.178,3.071
516,95.02571,0.017,3.176,12.383,15.712,29.346000000000004,NA,13.025,NA
516,95.02571,0.02,3.176,12.383,15.712,29.346000000000004,NA,13.025,NA
517,74.95051,0.04,0.887,24.588,26.345,21.242,NA,2.694,0.023
518,25.53257,NA,0.397,5.562,6.421,3.023,NA,6.464,NA
539,66.16323000000001,NA,4.449999999999999,29.741,21.793,21.121,NA,1.763,0.018
540,92.33764,NA,1.401,25.157,35.626,21.743,NA,10.521,NA
541,10.66966,NA,0.837,3.462,3.102,0.624,NA,2.732,NA
542,1.68094,NA,0.02,1.447,0.445,0.072,NA,0.004,NA
562,123.09221,NA,4.638999999999999,11.163,30.817,37.28,0.135,18.133000000000003,NA
563,88.47990999999999,0.053,3.298,40.372,30.925,23.163,NA,5.818,NA
564,105.08986,0.128,2.481,32.555,23.323,7.827,NA,26.132,NA
565,48.11083,NA,1.95,7.07,17.661,5.888999999999999,NA,17.554000000000002,NA
566,36.99565,NA,1.082,14.783,12.231,4.526,NA,6.149,NA
587,101.218,0.203,3.659,36.981,32.037,29.021,NA,9.706,NA
588,119.8287,0.341,3.04,34.157,33.797,23.457,0.007,19.88,NA
589,92.04422,NA,2.256,16.287,17.314,8.126999999999999,NA,32.650999999999996,NA
590,77.90778,0.034,1.113,41.713,29.801,11.375,NA,7.712,NA
591,24.79964,NA,0.552,3.099,5.619,2.894,NA,7.426,NA
612,92.43395,NA,5.305,12.885,31.345,33.761,NA,12.862,NA
613,145.2822,0.012,2.183,20,35.252,43.322,NA,24.145,NA
613,145.2822,0.136,2.183,20,35.252,43.322,NA,24.145,NA
614,114.56927,0.02,2.726,26.71,28.485,18.777,0.009,24.224,NA
615,107.58546,0.009,2.26,27.667,32.318,13.229,NA,22.207,NA
616,87.81038,0.133,2.11,25.374,16.11,7.069,0.012,18.508,NA
637,171.28891,NA,3.959,13.057,36.575,48.766,NA,32.752,NA
638,126.76054,NA,3.718,12.392,33.214,32.677,0.012,30.014,NA
639,126.75311,NA,1.989,31.203000000000003,28.35,19.954,NA,24.251,NA
640,106.7944,0.042,1.537,41.884,34.323,13.257,NA,11.616,NA
641,88.01794000000001,0.096,1.606,2.368,9.635,9.606,NA,21.732,NA
661,119.5231,0.01,11.604,4.174,24.433,32.39,1.198,28.597,NA
662,153.5344,0.132,3.924,6.936,34.589,46.606,NA,36.416,NA
663,133.514,NA,5.281,21.084,33.534,32.515,0.005,25.888,NA
664,120.17983,NA,2.305,38.876,29.956,16.959,NA,19.257,NA
665,107.68414,NA,5.432,18.004,9.097,7.514,NA,23.926,NA
686,176.91089,0.099,6.02,4.471,23.371,40.102,0.003,52.6,NA
687,133.09591,0.027,2.651,4.622,23.099,29.226,0.009,41.697,NA
688,133.8866,0.049,2.014,34.564,27.504,17.59,NA,28.918,NA
689,109.7905,0.125,6.228999999999999,26.269,8.845,4.639,NA,36.14,NA
690,102.76193,NA,6.504,5.762,11.36,3.777,0.014,23.569,NA
711,115.79363,NA,15.567,2.843,23.227,26.06,0.433,41.535,NA
712,160.40896,NA,7.808,1.938,20.29,27.157,NA,50.456,NA
713,161.78754,0.114,4.43,22.487,24.031,28.241,NA,40.099,NA
714,101.57987,0.075,3.911,18.144,16.929,11.046,NA,27.314,NA
715,88.57294,0.082,17.302,26.234,10.022,1.63,NA,10.206,NA
716,0.70909,NA,0.093,NA,0.251,NA,NA,0.212,NA
737,127.98035,0.035,17.058,5.244,25.054,24.219,0.043,45.676,NA
738,158.11991,NA,4.007,3.813,14.319,20.637,NA,59.444,NA
739,144.15246,0.02,4.422,11.88,15.295,12.308,NA,49.499,NA
740,123.11336,0.174,11.402,13.368,12.041,11.273,NA,20.24,NA
741,4.5221,0.066,0.529,0.265,0.627,0.014,NA,1.589,NA
761,51.86914,NA,5.644,1,12.096,8.233,NA,28.315,NA
762,163.73527,0.048,6.253,3.285,8.572,15.596,NA,57.247,NA
763,177.35681,0.027,3.652,5.944999999999999,12.702000000000002,13.079,NA,58.928,NA
764,84.1057,0.527,7.311,3.907,7.115,5.563,NA,24.682,NA
765,8.43372,0.407,1.462,5.139,0.783,0.08,NA,1.32,NA
786,78.65886,NA,11.304,7.066000000000001,21.27,25.481,NA,28.199,NA
787,170.69351999999998,0.02,6.981,2.202,14.056,26.207,0.002,75.125,NA
788,139.93892,0.717,9.397,5.356,12.162,8.895,0.009,44.283,NA
789,58.5706,0.131,7.749,13.099,4.975,0.997,NA,12.461,NA
808,111.88484,NA,4.678,1.4440000000000002,27.579,23.091,NA,60.374,NA
809,151.56645,NA,8.539,1.579,14.217,36.463,NA,58.075,NA
810,157.90655999999998,0.095,7.965,7.673,17.744999999999997,30.51,NA,60.811,NA
811,71.6754,0.045,15.135000000000002,25.1,12.562,2.207,NA,12.884,NA
812,4.13173,NA,0.662,2.61,0.076,NA,NA,0.302,NA
831,58.09075,0.068,9.882,2.186,22.903,15.951,0.109,19.321,NA
832,177.62209,0.014,4.5729999999999995,3.428,16.319000000000003,46.702,NA,87.807,NA
833,130.17517,0.083,11.581,10.475,17.543,18.683,NA,33.787,NA
834,6.1504200000000004,NA,0.678,1.601,0.222,0.001,NA,1.667,NA
852,101.92329,NA,5.575,1.586,38.499,30.825,0,42.725,0.012
853,163.89226,0.097,12.9,1.192,30.963,45.605,NA,89.157,NA
854,108.65247,0.113,4.888,36.323,17.188,18.622,NA,30.886,0.001
854,108.65247,0.185,4.888,36.323,17.188,18.622,NA,30.886,0.001
855,19.97158,0.068,5.466,12.112,2.868,0.866,NA,2.492,NA
873,84.66786,0.137,11.269,0.792,37.174,23.461,0.25,30.775,NA
874,109.01439,NA,4.525,24.527,16.113,33.599,NA,48.485,NA
875,63.73963,0.034,6.629,19.28,9.597,10.208,NA,15.158,NA
892,29.83459,NA,11.964,0.599,21.771,15.438,NA,1.84,3.152
893,92.62154,0.258,9.84,0.19,65.337,31.665,0.491,35.667,1.837
894,141.1071,0.035,20.796,6.498,28.988,54.408,NA,51.664,NA
895,20.420440000000003,NA,0.7919999999999999,47.281,3.885,1.362,NA,0.698,NA
896,0.76235,NA,0.027,0.145,0.19,NA,NA,0.228,NA
912,103.00957,0.228,3.824,0.315,67.378,41.215,0.932,51.303,2.56
913,55.07419,NA,4.575,0.073,38.562,19.666,0.154,23.56,4.755
914,130.57209,0.149,16.248,0.648,52.473,39.828,0.127,47.396,NA
915,45.78551,NA,6.712,28.681,11.268,16.034,NA,4.27,NA
916,48.33778,0.17,1.179,32.12,9.257,4.513,NA,7.921,NA
932,92.29471,0.13,18.35,0.179,46.833,31.45,0.53,48.436,3.422
933,121.50224,0.356,1.993,NA,81.207,29.122,0.153,79.373,0.738
933,121.50224,0.036,1.993,NA,81.207,29.122,0.153,79.373,0.738
934,71.23525000000001,NA,8.525,17.43,20.489,30.596,NA,10.647,NA
935,5.18992,0.414,0.449,7.963,1.262,0.871,NA,0.255,NA
951,109.53414,0.079,2.158,NA,76.036,47.902,0.718,62.973,0.04
952,97.38685,NA,0.946,0.074,62.078,35.931000000000004,0.428,62.922,0.147
953,111.36885,0.071,33.44,6.037,48.298,34.185,0.767,21.968,NA
954,24.05256,0.075,2.403,9.534,7.549,10.988,NA,0.249,NA
955,0.98946,NA,NA,0.399,0.029,NA,NA,NA,NA
68,4.57165,0.409,0.028,2.131,1.007,NA,NA,NA,NA
69,9.11937,0.029,1.325,7.208,0.91,1.15,0.819,NA,0.005
74,0.017,NA,2.021,1.16,0.023,NA,NA,NA,NA
75,0.79588,NA,NA,0.664,0.159,0.004,NA,NA,NA
76,7.24268,0.124,2.946,6.288,2.3960000000000004,0.09,0.115,NA,0.003
76,7.24268,1.752,2.946,6.288,2.3960000000000004,0.09,0.115,NA,0.003
82,NA,NA,0.827,1.35,NA,NA,NA,NA,0.003
83,NA,NA,0.016,NA,0.006,NA,0.083,NA,NA
84,0.33345,NA,0.362,0.213,NA,0.006,NA,NA,NA
85,27.11964,0.349,10.527,40.893,1.646,1.221,2.47,0.002,0.001
86,35.58904,0.108,16.585,31.81,6.099,4.742,2.654,0.055,0.736
91,NA,NA,NA,NA,NA,NA,NA,NA,NA
92,NA,0.029,11.259,4.774,0.055,NA,0.092,0.002,0.01
93,0.02752,NA,2.34,NA,0.016,NA,0.186,NA,0.12
94,0.19344,0.018,NA,NA,0.053,NA,NA,NA,0.14
95,60.40272,1.993,20.501,46.144,4.698,7.907,5.386,NA,0.664
96,31.81243,0.258,14.974,50.089,4.938000000000001,3.717,1.741,NA,4.189
104,0.05965,NA,2.927,6.576,0.022,NA,0.052,NA,2.08
105,0.46903,0.033,55.267,1.71,0.354,0.517,5.028,0.001,0.055
106,NA,NA,1.768,NA,NA,0.03,0.112,NA,0.008
107,NA,NA,NA,NA,NA,NA,NA,NA,NA
109,0.21485,NA,0.006,NA,0.212,0.09,NA,NA,0.338
110,33.62325,12.411,30.709,19.541,2.006,5.107,8.684,NA,0.155
111,59.74078,0.999,17.966,56.077000000000005,6.529999999999999,7.189,3.0549999999999997,0.002,0.669
112,8.51553,0.075,5.381,5.723,1.554,1.676,0.358,NA,4.498
119,NA,NA,0.655,2.49,NA,NA,NA,NA,0.031
120,2.10574,NA,52.939,11.846,1.52,2.313,2.919,NA,0.017
121,0.08685,NA,22.82,0.269,0.287,0.475,3.611,NA,NA
122,0.12204,NA,7.194,NA,NA,0.177,0.598,NA,NA
123,NA,NA,NA,NA,NA,NA,NA,NA,NA
124,NA,NA,0.058,NA,NA,NA,NA,NA,NA
125,NA,NA,NA,NA,NA,NA,NA,NA,NA
126,0.98066,0.013,NA,NA,1.264,0.611,NA,NA,5.761
127,0.73059,17.202,6.214,0.581,0.666,NA,2.558,NA,2.541
128,49.27349,1.262,22.73,37.689,3.611,6.499,3.545,0.007,0.498
129,66.30133000000001,0.109,17.557000000000002,47.094,8.805,7.351,5.45,NA,7.101
137,NA,NA,NA,NA,NA,NA,NA,NA,NA
138,1.17493,0.019,26.507,6.967,0.289,0.378,1.241,NA,0.041
139,3.16068,0.1,122.334,1.18,0.305,2.289,7.788,NA,0.604
140,0.1528,NA,17.241,NA,NA,0.012,1.007,NA,0.001
141,NA,NA,11.986,0.14,0.234,0.01,0.017,NA,NA
142,0.07436,NA,0.586,0.113,NA,0.115,NA,NA,NA
143,NA,NA,6.676,NA,0.338,NA,0.207,NA,NA
144,NA,NA,NA,NA,NA,NA,NA,NA,0.429
145,4.21904,2.491,4.832,0.449,2.267,0.359,2.925,NA,0.833
146,5.87965,0.457,3.034,NA,1.754,1.671,0.287,NA,1.519
147,27.55554,56.67,47.088,17.456,2.365,12.615,10.477,0.184,3.428
148,89.04721,1.321,24.552,46.229,12.934,10.658,2.273,0.001,0.034
149,21.85534,0.028,3.145,14.446,5.4,4.229,1.078,0.021,77.04700000000001
157,NA,NA,1.352,1.141,0.038,NA,NA,NA,NA
158,5.9594,0.245,85.512,2.677,0.722,4.434,6.426,NA,1.434
159,0.93834,0.013,67.059,0.965,0.246,2.337,4.011,NA,0.077
160,NA,0.024,44.616,NA,0.4,0.92,0.959,NA,NA
161,NA,NA,20.45,NA,1.001,0.329,NA,NA,NA
162,0.19788,NA,10.48,NA,NA,0.035,NA,NA,NA
163,NA,NA,27.428,NA,0.295,1.53,0.751,NA,0.509
164,12.00331,7.095,11.236,1.123,10.068,1.951,14.63,NA,0.322
164,12.00331,3.466,11.236,1.123,10.068,1.951,14.63,NA,0.322
165,15.05018,21.075,26.627,3.126,3.635,4.774,5.609,NA,0.035
166,44.04862,27.119,39.335,6.355,10.646,8.726,20.17,0.17,0.011
166,44.04862,43.015,39.335,6.355,10.646,8.726,20.17,0.17,0.011
167,67.32964,10.783,37.085,37.391,6.029,11.8,11.739,NA,0.329
168,57.52791,0.302,17.444000000000003,45.952,7.003,5.84,0.709,NA,0.372
176,NA,NA,0.026,NA,NA,NA,NA,NA,NA
177,2.76788,NA,61.246,3.784,0.563,2.147,1.916,NA,1.711
178,3.91272,0.003,151.21,3.765,0.926,3.853,10.346,0.056,0.521
178,3.91272,0.079,151.21,3.765,0.926,3.853,10.346,0.056,0.521
179,0.62356,NA,25.385,0.069,0.069,0.307,2.404,NA,0.001
180,NA,NA,36.424,NA,0.234,0.523,0.432,0.243,NA
181,NA,NA,28.796,0.742,0.724,0.38,0.15,NA,NA
182,0.298,NA,13.205,NA,0.099,NA,0.188,NA,14.152
183,4.86594,0.995,3.726,0.225,1.043,0.34600000000000003,3.211,NA,28.212
183,4.86594,1.443,3.726,0.225,1.043,0.34600000000000003,3.211,NA,28.212
184,45.33064,13.223,51.568,5.854,14.288,16.685,24.272,0.073,6.822
185,97.76745,30.733,39.608,7.076,25.336,32.334,22.845,0.005,0.016
186,56.60727,1.467,66.994,10.908,7.392,24.373,24.788,0.483,0.283
186,56.60727,62.78,66.994,10.908,7.392,24.373,24.788,0.483,0.283
187,62.83435,0.821,19.311,37.894,7.24,10.904,2.003,0.039,0.014
188,57.81282,0.175,13.731,50.965,12.327,8.385,1.348,0.003,1.199
196,NA,NA,NA,NA,NA,NA,NA,NA,NA
197,0.79155,NA,14.243,1.785,0.071,0.154,0.052,NA,0.001
198,7.859489999999999,0.086,120.261,1.985,1.135,5.5249999999999995,9.555,NA,0.767
199,3.97256,0.108,112.804,0.852,0.721,2.56,7.513,0.059,0.098
200,NA,NA,29.485,NA,0.077,NA,1.892,NA,NA
201,NA,NA,11.528,NA,NA,0.17,0.075,NA,0.132
202,0.19897,0.463,3.579,0.328,NA,NA,NA,0.002,2.231
203,7.2575,0.006,19.533,0.202,1.356,1.302,3.979,NA,38.296
203,7.2575,3.364,19.533,0.202,1.356,1.302,3.979,NA,38.296
204,46.98663,21.929,46.958,0.623,18.313,25.786,35.819,0.067,51.921
205,70.04029,26.11,68.262,9.986,17.41,14.175,23.575,0.007,0.236
206,54.99619,20.087,69.255,12.493,13.838,11.027,23.254,NA,0.742
206,54.99619,29.785,69.255,12.493,13.838,11.027,23.254,NA,0.742
207,73.57001,4.482,23.358,43.517,7.199,10.311,7.65,0.054,0.024
208,27.40135,NA,7.525,34.204,9.127,4.6080000000000005,0.325,0.042,0.002
216,NA,NA,NA,NA,NA,NA,NA,NA,NA
217,1.26242,0.036,41.716,2.043,0.923,1.413,1.069,NA,10.256
218,8.20588,0.036,137.273,1.606,2.591,5.707,13.237,NA,4.053
219,0.10903,NA,16.517,NA,NA,0.18,1.666,NA,NA
220,0.00389,NA,33.407,NA,0.098,0.666,0.34,NA,NA
221,0.48841,NA,6.939,NA,0.178,NA,0.164,NA,25.785
222,2.87299,0.405,7.462,1.749,0.478,0.187,1.86,NA,69.512
223,45.87431,11.589,39.762,1.055,11.101,18.515,29.304,NA,54.933
223,45.87431,0.535,39.762,1.055,11.101,18.515,29.304,NA,54.933
224,42.82597,12.719,35.099,4.527,18.719,15.639,22.896,0.092,21.963
225,111.58316,19.276,37.923,8.119,31.441,28.81,35.896,0.119,0.032
225,111.58316,2.884,37.923,8.119,31.441,28.81,35.896,0.119,0.032
226,80.82343,11.297,34.878,29.361,12.175,22.771,23.545,0.002,0.13
227,60.71935,0.8,19.388,33.405,6.664,14.895,2.501,0.018,0.008
228,51.97161,0.092,10.508,51.838,8.142,8.317,1.53,0.04,3.122
235,NA,NA,NA,NA,NA,NA,NA,NA,NA
236,0.21304,NA,18.809,8.267,0.148,0.118,0.301,NA,0.047
237,8.52907,0.027,150.549,3.629,3.881,5.269,8.131,NA,0.111
238,8.49694,0.374,115.039,1.81,0.4,5.431,11.832,0.031,3.295
239,NA,NA,20.999,NA,NA,NA,0.282,0.003,NA
240,0.89019,NA,5.594,0.25,0.044,NA,0.398,NA,22.285
241,3.12691,0.068,9.986,0.282,0.322,0.478,1.318,NA,53.877
242,10.28566,0.726,7.985,1.5719999999999998,2.7969999999999997,3.461,6.6739999999999995,NA,30.881
243,38.36503999999999,22.791,33.62,1.135,35.148,16.397,30.053,0.96,100.81
244,104.18586,15.196,30.825,3.002,36.759,25.14,43.694,0.04,17.71
245,93.23205,7.334,32.838,13.982,19.438,21.623,27.817,0.327,0.015
246,52.37889,0.434,19.946,35.602,8.314,11.796,4.712,0.002,0.003
247,44.06134,0.117,7.445,27.515,7.029,9.699,1.264,0.015,0.217
247,44.06134,0.041,7.445,27.515,7.029,9.699,1.264,0.015,0.217
254,0.01027,NA,0.501,0.543,0.015,NA,0.084,NA,NA
255,3.59066,0.012,178.172,9.498,3.817,2.622,3.432,0.003,0.003
256,18.32845,0.116,132.099,1.243,3.309,6.966,10.674,0.068,20.183
256,18.32845,0.039,132.099,1.243,3.309,6.966,10.674,0.068,20.183
257,3.77466,NA,43.503,0.009,0.426,2.992,5.735,NA,9.362
258,0.42529,0.086,2.403,0.669,0.044,0.426,0.565,NA,0.012
259,6.2699,0.006,7.725,1.394,0.418,0.587,3.888,NA,148.916
260,0.58906,0.164,2.6460000000000004,1.227,0.412,NA,0.305,NA,33.47
260,0.58906,0.14,2.6460000000000004,1.227,0.412,NA,0.305,NA,33.47
261,47.21225,12.077,28.82,2.253,25.268,16.501,32.819,0.253,83.251
262,34.70992,7.49,17.051,0.694,14.619,6.483,18.594,NA,111.09
263,95.19572,3.228,23.693,9.823,28.147,22.235,38.152,1.103,0.009
263,95.19572,5.13,23.693,9.823,28.147,22.235,38.152,1.103,0.009
264,73.66105,1.166,22.064,33.204,13.473,19.197,17.412,0.064,0.004
265,39.73845,0.546,7.205,23.176,8.844,9.071,3.186,NA,0.01
266,68.88064,11.908,15.027,21.102,12.018,18.562,16.569,0.119,52.303
266,68.88064,0.064,15.027,21.102,12.018,18.562,16.569,0.119,52.303
273,NA,NA,NA,NA,NA,NA,NA,NA,NA
274,2.12075,0.029,33.635,3.289,0.742,0.558,1.071,NA,0.024
275,17.2946,0.218,116.884,5.328,3.015,6.189,8.985000000000001,NA,6.81
276,14.82933,0.089,85.905,0.224,0.833,6.887,9.648,NA,49.984
277,0.07868,NA,16.876,NA,NA,0.137,0.859,0.079,NA
278,16.49823,0.466,36.504,5.121,1.127,2.649,12.092,0.027,41.223
279,2.51925,NA,10.924,0.085,0.885,0.229,1.874,NA,111.291
280,10.66411,0.233,7.773,3.079,1.759,3.403,7.048,NA,13.773
281,27.40678,5.492,25.132,0.383,14.237,4.267,14.878,NA,154.591
282,97.00557,14.776,18.487,0.222,38.118,23.016,49.228,NA,16.680999999999997
282,97.00557,2.111,18.487,0.222,38.118,23.016,49.228,NA,16.680999999999997
283,99.9271,5.524,28.358,8.529,12.72,32.997,38.945,0.572,0.003
284,35.83185,0.65,9.48,25.341,8.068,11.335,5.24,0.09,0.003
285,84.11004,2.609,9.693,16.014,13.873,26.822999999999997,29.509,0.029,14.142
285,84.11004,8.975,9.693,16.014,13.873,26.822999999999997,29.509,0.029,14.142
292,NA,NA,NA,NA,NA,NA,NA,NA,NA
293,16.86916,0.385,104.656,1.902,3.481,4.373,7.679,NA,0.073
294,33.6394,NA,56.076,2.689,4.717,7.253,11.686,NA,12.732
295,12.45107,NA,30.139,0.428,1.328,2.732,10.036,0.515,25.351
296,30.93845,2.032,22,0.63,0.578,2.648,17.546,0.535,4.26
297,13.59747,0.11,12.758,2.072,0.797,1.47,8.549,0.085,143.18
298,3.5803,NA,12.925,4.719,0.72,0.365,1.351,NA,7.964
299,64.17515,7.228,54.056,2.15,11.134,11.783,48.689,0.05,27.128
300,72.91619,9.303,26.86,0.837,26.181,20.11,35.467,0.064,73.024
301,115.38986,0.135,36.893,12.751,18.115,40.013,45.138,0.801,0.025
301,115.38986,4.123,36.893,12.751,18.115,40.013,45.138,0.801,0.025
302,86.70571,0.489,30.203,10.021,13.948,44.003,19.622,0,0.003
303,107.95285,16.769,13.859,5.374,35.526,39.073,27.033,0.23,0.21
304,53.62847,10.283,17.938,3.616,8.717,13.873,15.611,0.053,33.707
304,53.62847,0.34,17.938,3.616,8.717,13.873,15.611,0.053,33.707
311,NA,NA,0.068,NA,NA,NA,NA,NA,NA
312,1.70682,0.02,12.881,1.974,1.164,0.504,0.183,NA,0.034
313,42.27275,0.144,58.196,1.85,3.967,7.742,11.357,NA,0.14200000000000002
314,44.04943,1.937,25.054,1.203,10.675,9.457,27.005,0,56.844
315,17.46147,NA,10.464,0.251,1.079,4.008,7.435,1.993,12.085
316,56.10511,0.422,53.825,3.793,3.453,6.565,36.828,0.871,10.234
317,8.09757,0.058,12.755,2.4,1.206,2.4629999999999996,1.521,0.015,49.285
318,41.22092,2.548,43.19800000000001,3.74,7.407,9.885,31.376,0.05,1.271
319,35.41485,4.098,27.754,1.584,16.787,11.825,15.4,NA,20.511
320,101.49816,8.707,40.757,2.849,23.104,22.019,44.496,0.551,1.695
321,102.34051,3.584,35.751,5.299,18.249,45.669,32.452,0.16,0.002
322,122.82571,18.241,14.184,4.755,40.769,73.375,18.409,0.169,1.623
323,100.87357,1.154,20.16,4.928999999999999,28.294,37.088,31.882,0.048,3.113
323,100.87357,20.135,20.16,4.928999999999999,28.294,37.088,31.882,0.048,3.113
332,0.00655,NA,0.506,0.096,NA,NA,0.019,NA,NA
333,32.4833,0.137,76.824,4.131,3.0749999999999997,6.786,11.028,NA,0.077
334,80.62599,7.473,13.266,0.339,15.974,15.175,33.214,NA,1.332
335,86.18041,5.311,18.894,0.525,10.304,10.606,52.585,5.698,23.717
336,54.28603,0.39,75.484,1.757,3.072,9.654,29.253,2.454,0.93
337,39.59763,0.129,12.619,4.586,5.77,4.333,23.346,0.414,66.757
337,39.59763,0.147,12.619,4.586,5.77,4.333,23.346,0.414,66.757
338,1.82371,0.162,15.891,0.825,1.295,0.832,1.204,0.009,0.081
339,55.30958,5.318,52.840999999999994,5.357,17.777,15.205,32.331,NA,1.019
340,62.9221,3.122,23.44,1.353,28.16,24.114,21.09,NA,0.98
341,99.2184,0.574,41.136,6.761,17.89,49.431,32.878,0,0.029
341,99.2184,2.488,41.136,6.761,17.89,49.431,32.878,0,0.029
342,73.60988,1.26,20.712,7.321,14.202,48.591,6.523,0.119,0.001
343,107.14657,0.034,18.732,5.27,21.461,25.536,38.56,NA,1.688
343,107.14657,10.861,18.732,5.27,21.461,25.536,38.56,NA,1.688
344,38.92047,1.278,15.571,2.091,10.071000000000002,9.586,14.756,0.16,25.54
352,NA,NA,NA,NA,NA,NA,NA,NA,NA
353,17.07657,0.03,32.794,9.058,3.853,1.254,4.269,0.018,0.06
354,56.80543,0.713,51.232,1.183,9.226,14.839,13.246,NA,0.037
355,100.36842,22.456,6.821,0.765,14.746,13.289,76.896,0.107,7.11
356,65.91745,0.54,19.939,0.968,5.786,6.538,33.177,6.222,5.479
357,74.3848,0.763,21.253,8.258,6.199,8.624,46.153,1.305,0.588
358,7.28022,0.049,7.149,1.881,1.863,2.104,1.153,0.093,22.317
359,35.83397,0.453,38.901,4.078,7.308,4.34,27.453,0.444,0.062
360,30.13232,2.34,18.302,6.749,12.776,7.462,12.088,NA,0.596
361,47.85838,0.571,18.74,9.579,15.128,22.561,21.681,0,0.062
362,87.4078,1.786,37.003,5.471,16.83,49.694,19.019,0.255,0.023
363,70.07022,6.128,23.153,3.28,25.454,25.093,20.519,0.078,3.335
364,108.69752,8.517,25.205,4.023,31.289,35.427,39.554,0.079,5.929
364,108.69752,3.97,25.205,4.023,31.289,35.427,39.554,0.079,5.929
373,0.69898,NA,1.576,1.128,0.074,NA,0.413,NA,0.004
374,42.6812,1.828,28.539,4.722,6.38,7.66,13.959,NA,0.088
374,42.6812,0.07,28.539,4.722,6.38,7.66,13.959,NA,0.088
375,67.18852,26.31,2.735,0.179,16.255,9.048,55.366,NA,0.857
376,106.00104,23.19,11.201,1.4,9.356,8.307,81.01,4.308999999999999,1.831
376,106.00104,0.174,11.201,1.4,9.356,8.307,81.01,4.308999999999999,1.831
377,40.93799,0.11,13.317,5.529,9.148,11.428,15.476,0.709,0.781
378,55.43813,0.383,11.87,3.769,13.387,10.113,29.798,0.373,17.728
378,55.43813,0.028,11.87,3.769,13.387,10.113,29.798,0.373,17.728
379,11.30662,0.108,11.885,1.862,3.388,3.159,5.458,0.033,0.09
380,16.34184,0.598,12.41,3.627,5.638,3.124,6.601,0.099,0.075
381,16.65332,0.255,11.901,17.154,4.771,4.544,5.734,NA,0.02
382,56.11991,0.383,32.906,7.585000000000001,10.943,20.412000000000003,23.677999999999997,NA,0.033
383,75.01279,1.489,20.234,7.12,18.682,39.689,16.495,NA,0.043
384,81.97237,0.593,24.391,5.2410000000000005,11.843,21.117,21.472,NA,0.099
384,81.97237,6.026,24.391,5.2410000000000005,11.843,21.117,21.472,NA,0.099
385,61.75786,1.048,8.321,8.289,8.795,18.083,17.215,NA,4.375
393,NA,NA,NA,NA,NA,NA,NA,NA,NA
394,23.40872,0.871,17.537,8.692,3.066,5.513,7.399,NA,0.049
395,79.57114,14.041,21.52,1.155,18.167,6.383,55.394,NA,0.071
396,109.2035,21.557,13.103,0.33699999999999997,11.952,8.735999999999999,81.235,0.221,0.086
396,109.2035,3.073,13.103,0.33699999999999997,11.952,8.735999999999999,81.235,0.221,0.086
397,60.03943,0.3,19.569,1.298,9.834,10.294,29.256,2.506,0.876
397,60.03943,0.058,19.569,1.298,9.834,10.294,29.256,2.506,0.876
398,53.21983,0.45,16.82,5.64,10.477,8.819,19.661,1.308,0.427
399,12.28285,0.343,11.335,5.5,3.524,3.441,3.953,0.206,0.767
400,21.69239,0.13,14.53,3.585,5.407,5.002,9.534,0.424,0.063
401,1.97055,NA,2.902,6.993,1.834,0.265,0.628,NA,0.021
402,7.459390000000001,0.013,12.784999999999998,16.781000000000002,1.1940000000000002,0.729,4.198,NA,0.014
403,52.76698,0.403,28.455,5.167,12.954,22.749,15.976,NA,0.043
404,73.9763,0.093,21.116,13.328,12.183,35.83,13.767,NA,0.045
405,112.39901,4.954,30.587,9.504,19.898999999999997,37.504999999999995,35.592,NA,0.067
405,112.39901,1.068,30.587,9.504,19.898999999999997,37.504999999999995,35.592,NA,0.067
414,0.45744,NA,1.2,1.692,0.301,NA,0.03499999999999999,NA,0.001
415,56.05429,14.404,10.115,5.014,10.707,7.927,28.947,NA,0.043
416,99.17683,38.485,17.542,0.18,15.508,6.673,84.07,NA,0.105
417,79.54285,1.574,27.91,1.236,7.088,9.354,49.586,1.018,0.745
417,79.54285,1.531,27.91,1.236,7.088,9.354,49.586,1.018,0.745
418,46.5743,0.565,24.587,0.629,9.13,8.355,20.864,2.013,0.854
418,46.5743,0.266,24.587,0.629,9.13,8.355,20.864,2.013,0.854
419,9.51981,0.05,3.739,5.162,3.824,1.5259999999999998,3.819,0.077,0.045
420,6.19437,0.269,5.035,3.227,3.193,2.405,4.2,0.01,0.091
421,5.7537,0.088,5.379,6.868,3.162,1.266,0.998,NA,0.052
422,10.55871,0.008,5.571,14.018,1.802,2.194,2.349,NA,0.007
423,20.26302,0.042,14.896,7.468,5.45,7.437,8.567,NA,0.004
423,20.26302,0.155,14.896,7.468,5.45,7.437,8.567,NA,0.004
424,82.99774,2.172,18.395,8.76,20.351,47.634,29.168,NA,0.013
425,72.4055,1.411,19.548,14.844,13.555,27.615,13.704,NA,0.037
425,72.4055,0.1,19.548,14.844,13.555,27.615,13.704,NA,0.037
426,105.32041,2.352,16.158,7.282,19.101,43.302,25.902,NA,0.434
434,NA,NA,NA,NA,NA,NA,NA,NA,NA
435,11.9091,0.01,12.907,4.108,3.282,3.605,3.925,NA,0.009
435,11.9091,1.549,12.907,4.108,3.282,3.605,3.925,NA,0.009
436,73.38111,24.782,20.813,0.963,12.97,14.381,53.129,NA,0.092
437,88.83887999999999,5.579,21.694,1.368,12.536,21.186,59.757000000000005,NA,1.02
437,88.83887999999999,12.213,21.694,1.368,12.536,21.186,59.757000000000005,NA,1.02
438,55.82761,0.143,9.225,1.973,11.562,5.278,27.718,1.082,0.098
439,5.86264,0.03,4.678,2.058,1.759,0.694,1.706,0.069,13.402
440,3.17515,0.153,11.468,2.407,1.554,0.872,2.835,0.042,0.159
441,8.31785,0.093,6.622,3.821,4.265,1.507,2.146,NA,0.104
442,8.31014,0.027,5.254,14.444,4.4510000000000005,1.566,0.693,NA,NA
443,12.42363,0.091,4.133,7.85,3.646,4.396,3.908,NA,NA
444,20.32035,0.037,8.336,8.178,8.149,8.004,4.22,NA,0.014
445,68.96152000000001,0.358,13.687,7.145,22.192,35.892,13.341,NA,0.014
445,68.96152000000001,0.203,13.687,7.145,22.192,35.892,13.341,NA,0.014
446,102.40024,1.917,12.714,9.044,23.554,48.838,12.651,NA,0.003
456,0.36653,NA,1.139,1.443,0.124,0.005,0.212,NA,NA
457,48.34925,4.109,35.644,2.774,10.477,14.638,40.242,0.035,0.652
457,48.34925,27.263,35.644,2.774,10.477,14.638,40.242,0.035,0.652
458,46.07347,25.618,13.567,0.163,8.4,22.584,36.052,NA,0.071
458,46.07347,0.108,13.567,0.163,8.4,22.584,36.052,NA,0.071
459,46.72843,1.441,35.272,0.469,6.078,9.514,26.687,NA,0.655
460,40.71411,0.71,3.722,2.17,15.567,4.591,15.987,0.843,16.136
461,3.20272,NA,4.429,2.789,2.693,0.616,1.419,0.023,0.308
462,5.66134,0.039,9.268999999999998,3.194,2.578,2.212,1.272,NA,0.174
463,12.64172,0.078,13.043,7.604000000000001,4.473000000000001,1.455,2.183,NA,0.016
464,11.53108,NA,1.076,11.192,4.024,2.58,1.114,0.001,0.058
465,13.32018,0.104,6.435,18.547,6.22,2.964,1.502,NA,NA
466,40.28063,0.121,11.026,7.693,10.202,21.193,8.581,NA,0.014
466,40.28063,0.262,11.026,7.693,10.202,21.193,8.581,NA,0.014
467,74.36665,1.019,12.82,13.772,15.871,32.525,11.385,0.074,0.007
468,80.71954,1.919,9.754,2.906,29.756,37.23,13.018,NA,7.784
476,NA,NA,NA,NA,NA,NA,NA,NA,NA
477,23.44806,6.877,9.659,5.548,6.4639999999999995,2.722,18.334,0.121,0.205
477,23.44806,4.068,9.659,5.548,6.4639999999999995,2.722,18.334,0.121,0.205
478,26.31108,22.732,16.248,1.824,8.17,11.62,20.595,NA,0.236
479,37.255889999999994,5.788,25.339,0.5549999999999999,8.109,15.649,22.883000000000003,0.351,21.438
479,37.255889999999994,7.904,25.339,0.5549999999999999,8.109,15.649,22.883000000000003,0.351,21.438
480,53.96519,0.073,8.333,4.724,14.716,4.455,32.985,0.635,1.479
480,53.96519,1.074,8.333,4.724,14.716,4.455,32.985,0.635,1.479
481,2.03705,0.054,0.34,2.402,3.486,NA,0.25,NA,8.576
482,4.45885,0.113,10.534,3.5029999999999997,3.3139999999999996,1.901,1.402,NA,0.047
482,4.45885,0,10.534,3.5029999999999997,3.3139999999999996,1.901,1.402,NA,0.047
483,3.9042,0.029,5.859,3.339,1.511,0.563,0.459,NA,0.113
484,12.85708,NA,3.105,14.386,7.915,1.379,0.561,NA,NA
485,3.33498,NA,1.446,5.202,1.245,0.753,0.92,NA,NA
486,10.81347,0.035,4.359,14.524,5.778,4.955,1.036,NA,0.006
487,5.68242,0.114,8.245,1.623,2.99,2.415,0.812,NA,0.002
488,93.97042,0.357,6.841,4.587,33.641,57.248,6.756,NA,0.004
498,0.20205,NA,0.811,1.479,0.237,NA,0.094,NA,0.119
499,34.76794,3.697,31.176,2.91,8.417,10.686,65.747,NA,0.027
499,34.76794,71.052,31.176,2.91,8.417,10.686,65.747,NA,0.027
500,25.44599,42.021,14.373,0.519,7.226,8.895,34.653,NA,0.14
501,34.28991,3.137,31.112,4.926,8.905,9.023,19.992,0.219,1.151
502,10.89623,0.995,2.272,0.34,7.003,1.613,5.105,0.369,3.167
503,2.86064,0.013,2.67,1.911,8.389999999999999,0.065,0.195,NA,0.142
504,2.88503,0.049,3.79,1.253,2.13,0.226,0.189,NA,0.076
505,10.4925,0.067,7.103999999999999,5.992,5.157,1.177,0.515,NA,0.003
506,10.78848,0.013,2.232,16.73,6.51,1.011,1.148,NA,NA
507,13.82451,0.043,2.257,19.205,7.071,2.235,1.5950000000000002,NA,NA
508,13.98828,0.25,3.174,5.84,6.629,3.9,0.834,NA,0.02
509,79.23468,2.614,4.975,3.158,38.371,39.782,6.782,0.162,0.006
510,54.09291,1.041,7.874,2.212,16.83,27.065,5.004,0.049,20.146
520,0.01076,NA,NA,NA,NA,NA,NA,NA,NA
521,28.80029,22.624,46.062,7.383,8.797,10.604,16.513,NA,0.151
521,28.80029,0.173,46.062,7.383,8.797,10.604,16.513,NA,0.151
522,18.03013,115.894,23.21,1.154,4.831,8.726,82.267,0.02,0.027
523,59.92504,4.605,22.24,2.343,15.195,11.952,45.896,NA,5.785
523,59.92504,10.916,22.24,2.343,15.195,11.952,45.896,NA,5.785
524,20.3899,0.213,7.552,3.822,11.925,1.313,12.407,0.108,1.497
524,20.3899,0.38,7.552,3.822,11.925,1.313,12.407,0.108,1.497
525,2.12336,NA,0.98,0.003,4.454,0.045,0.247,NA,0.233
526,6.01816,0.008,7.579,2.397,6.78,0.31,0.871,NA,0.262
527,3.95024,0.157,3.308,2.833,1.76,0.743,0.182,NA,0.069
528,8.33572,0.023,2.115,8.296,4.574,1.082,0.679,NA,NA
528,8.33572,0.006,2.115,8.296,4.574,1.082,0.679,NA,NA
529,5.80855,NA,1.237,11.404,2.373,1.511,NA,NA,NA
530,16.7699,0.142,3.094,15.522,8.677999999999999,3.395,1.839,NA,NA
530,16.7699,0.076,3.094,15.522,8.677999999999999,3.395,1.839,NA,NA
531,37.00601,0.248,1.838,1.857,18.514,26.95,2.913,NA,0.002
532,105.62054,1.389,16.855,5.668,35.659,48.854,10.912,NA,0.103
544,3.43976,1.241,4.403,1.349,1.734,0.498,2.199,NA,0.079
545,15.46108,82.008,6.366,0.77,9.95,10.765,84.41,0.484,0.004
545,15.46108,38.366,6.366,0.77,9.95,10.765,84.41,0.484,0.004
546,45.20786,20.07,23.955,1.4089999999999998,10.683,11.369,59.992999999999995,0.431,1.655
546,45.20786,46.924,23.955,1.4089999999999998,10.683,11.369,59.992999999999995,0.431,1.655
547,17.27617,3.775,2.187,1.013,11.009,4.537,10.709,NA,11.753
548,2.06807,0.127,3.118,1.123,5.396,0.15899999999999995,0.271,0.086,0.127
549,4.8099,0.008,0.888,2.663,9.271,0.071,0.089,NA,NA
550,1.33738,0.066,0.72,1.87,0.855,0.028,0.03,NA,0.262
551,4.59919,0.05,1.813,3.379,1.941,0.466,0.012,NA,NA
552,2.18938,NA,1.269,5.977,2.0780000000000003,0.275,0.226,NA,NA
553,9.26416,0.002,1.456,17.316,4.213,1.104,0.132,NA,NA
554,30.01293,0.737,3.133,8.909,18.363,11.389,3.196,NA,0.014
555,115.08604,6.77,11.756,NA,70.811,63.352,14.232,0.056,NA
556,57.93839,0.025,10.984,2.693,16.938,25.616,9.164,0.03,0.25
556,57.93839,0.982,10.984,2.693,16.938,25.616,9.164,0.03,0.25
568,0.64403,NA,NA,NA,0.156,0.061,NA,0.002,NA
569,12.35155,56.473,6.363,0.809,12.384,7.254,45.436,0.151,7.07
570,35.40228,5.438,17.027,3.793,12.924,6.068,72.622,0.112,0.048
570,35.40228,52.453,17.027,3.793,12.924,6.068,72.622,0.112,0.048
570,35.40228,34.92,17.027,3.793,12.924,6.068,72.622,0.112,0.048
571,58.66453,6.779,21.52,2.916,18.709,12.416,24.605,0.046,29.998
572,9.17834,0.206,2.371,4.667,10.498,1.34,1.997,0,0.238
573,3.59324,0.074,3.928,3.686,6.797,0.105,0.163,0.06899999999999999,0.033
574,2.51174,0.035,3.396,3.311,1.742,0.038,0.221,NA,0.5930000000000001
575,0.91056,NA,0.118,1.212,0.299,0.106,NA,NA,NA
576,0.49618,0.068,0.115,1.97,0.5309999999999999,NA,NA,NA,NA
577,1.25863,NA,0.447,2.709,0.49,0.283,0.158,NA,NA
578,15.94373,0.024,3.605,10.501,8.074,3.442,1.226,NA,0.002
579,63.01504,0.494,4.285,1.587,40.182,44.521,5.086,NA,NA
580,134.06795,0.68,7.21,0.081,74.779,62.989999999999995,17.92,0.137,0.097
580,134.06795,6.474,7.21,0.081,74.779,62.989999999999995,17.92,0.137,0.097
594,2.08548,4.851,2.261,0.008,1.918,1.301,2.584,NA,19.811
595,11.92857,66.389,7.087,1.199,5.334,3.689,46.23,0.468,5.673
596,59.86967,19.465,12.832,3.844,23.196,9.533,37.738,0.032,0.251
597,40.65183,3.886,3.041,3.031,23.031,8.36,19.535,NA,13.043
598,10.3045,0.227,3.228,13.487,12.155,1.643,0.608,0,0.023
599,3.94691,0.043,0.335,18.468,4.654,0.008,0.068,NA,0.001
599,3.94691,0.023,0.335,18.468,4.654,0.008,0.068,NA,0.001
600,1.21581,0.016,0.173,3.436,0.633,NA,NA,NA,0.004
601,0.17326,NA,NA,0.449,0.132,NA,NA,NA,NA
602,0.99824,0.073,NA,0.867,0.164,0.226,NA,NA,NA
603,7.12242,0.179,0.178,6.365,3.577,2.647,0.715,NA,NA
604,50.54566,0.022,5.838,5.496,29.832,18.947,6.557,NA,0.212
604,50.54566,0.45,5.838,5.496,29.832,18.947,6.557,NA,0.212
605,101.41236,1.013,4.491,0.152,64.814,44.376000000000005,20.37,0.205,NA
605,101.41236,9.863,4.491,0.152,64.814,44.376000000000005,20.37,0.205,NA
606,33.39233,0.202,7.791,2.0789999999999997,14.564,18.905,3.586,NA,0.013
606,33.39233,0.172,7.791,2.0789999999999997,14.564,18.905,3.586,NA,0.013
618,0.02901,0.086,NA,NA,0.213,NA,NA,NA,0.352
619,4.79772,41.583,1.712,NA,7.07,1.546,27.339,0.228,83.743
620,17.82996,5.655,5.956,8.868,9.547,2.248,4.85,0.038,0.009
621,40.47658,2.127,7.563,8.138,28.687,9.401,13.726,0.054,1.321
622,18.47551,0.007,1.816,11.333,16.486,5.784,1.5590000000000002,NA,0.004
622,18.47551,0.113,1.816,11.333,16.486,5.784,1.5590000000000002,NA,0.004
623,6.60023,0.062,1.542,16.775,6.391,1.037,0.061,NA,0.01
624,5.99695,0.029,0.047,9.631,2.063,0.107,0.018,NA,NA
625,1.30162,0.072,0.184,3.595,0.178,NA,NA,NA,NA
626,0.2024,NA,0.01,0.945,NA,NA,NA,NA,NA
627,2.72726,0.051,0.533,3.898,2.114,0.136,NA,NA,NA
628,29.57377,NA,2.72,7.840000000000001,16.16,12.356,2.943,NA,NA
629,45.33068,NA,5.0920000000000005,2.888,20.465,18.917,5.89,NA,0.005
630,92.90044,2.112,22.168,NA,51.727,33.565,23.118,0.949,4.038
630,92.90044,1.113,22.168,NA,51.727,33.565,23.118,0.949,4.038
643,0.18416,0.509,NA,NA,0.966,NA,0.092,NA,7.516
644,1.76697,6.994,0.173,0.383,3.854,0.229,3.153,NA,38.372
645,8.5046,0.976,1.748,4.018,9.682,1.361,2.791,NA,0.01
646,18.1765,0.068,3.027,7.175,18.86,5.4079999999999995,2.772,NA,0.005
646,18.1765,0.222,3.027,7.175,18.86,5.4079999999999995,2.772,NA,0.005
647,19.00703,0.372,1.462,17.405,19.328,2.409,0.08,NA,1.926
648,9.74476,0.224,0.122,15.964,5.529,NA,NA,NA,NA
649,2.29189,NA,0.019,5.141,0.751,NA,NA,NA,NA
650,0.70216,NA,NA,2.739,0.137,NA,NA,NA,NA
651,0.62037,NA,0.002,2.076,0.675,0.003,NA,NA,NA
652,15.58956,0.197,1.703,12.631,7.59,1.489,0.448,NA,NA
653,42.15521,0.407,1.686,7.542999999999999,17.240000000000002,19.737,3.364,NA,0.335
653,42.15521,0.044,1.686,7.542999999999999,17.240000000000002,19.737,3.364,NA,0.335
654,94.18248,2.728,21.011,1.664,53.152,37.72,25.214,0.064,0.064
655,29.99691,0.085,3.263,1.242,14.885,16.768,5.228,0.194,0.03
667,0.01949,NA,NA,NA,0.033,NA,NA,NA,22.775
668,2.86776,5.497,0.076,NA,2.351,NA,2.049,NA,60.357
669,0.28062,NA,0.029,2.774,0.503,NA,0.023,NA,NA
670,7.987959999999999,0.007,0.284,4.479,23.695,1.763,0.34900000000000003,NA,0.011
670,7.987959999999999,0.085,0.284,4.479,23.695,1.763,0.34900000000000003,NA,0.011
671,19.19395,0.111,0.599,23.788,26.634,3.8,0.28,NA,NA
672,3.74245,0.021,1.103,6.434,5.827,0.394,0.011,NA,0.708
673,5.29745,0.077,0.001,7.628,0.65,NA,NA,NA,NA
674,0.46549,0.182,0.012,2.959,0.074,NA,NA,NA,NA
675,0.22572,NA,NA,1.093,0.372,NA,NA,NA,NA
676,11.3698,0.092,0.077,7.653,3.328,0.375,0.25,NA,NA
677,14.92965,NA,0.752,6.225,6.458,3.647,2.253,NA,0.024
678,44.93701,0.106,6.649,4.96,19.879,17.33,10.432,0,0.006
679,78.40388,3.841,41.543,0.029,56.227,43.367,13.396,0.5,0.019
693,0.08891,0.18,NA,NA,0.397,NA,NA,NA,16.346
694,1.63001,1.341,0.049,NA,1.1389999999999998,0.048,0.118,NA,91.639
694,1.63001,1.256,0.049,NA,1.1389999999999998,0.048,0.118,NA,91.639
695,0.94065,0.01,0.024,1.323,2.685,0.16499999999999998,NA,NA,NA
695,0.94065,0.057,0.024,1.323,2.685,0.16499999999999998,NA,NA,NA
696,6.823049999999999,0.008,0.481,7.604,25.363,2.037,0.267,NA,0.003
697,9.98618,0.018,0.196,4.331,13.865,1.247,0.107,NA,0.032
698,5.93891,0.067,0.028,6.242,3.126,0.122,NA,NA,0.003
699,0.01285,NA,NA,0.115,NA,NA,NA,NA,NA
700,NA,NA,NA,0.241,NA,NA,NA,NA,NA
701,1.83889,0.078,NA,4.932,1.461,0.022,NA,NA,NA
702,15.39208,0.131,0.768,9.579,5.945,2.986,0.428,NA,NA
703,30.736469999999997,0.281,4.221,10.62,15.422,12.134,2.032,NA,0.013
704,73.93004,4.022,20.064,0.394,51.088,46.67,17.465,0.481,NA
705,72.91632,2.357,14.847,1.703,50.406,42.302,14.492,0.407,6.293
99,51.75227,0.039,10.456,47.786,9.645,8.302,0.092,0.002,NA
100,69.61929,0.218,25.963,66.559,12.757,9.925,NA,NA,NA
101,2.17025,0.077,0.982,0.027,2.546,0.269,NA,NA,NA
102,0.89415,0.074,NA,2.304,0.462,0.043,NA,0.002,NA
103,NA,NA,NA,NA,NA,NA,NA,NA,NA
115,65.49549,0.29,22.121,67.832,10.297,7.001,NA,NA,NA
116,52.37675,0.139,28.834,35.654,12.033,5.489,NA,1.148,NA
117,3.58915,0.009,1.947,6.08,0.9,0.012,NA,NA,NA
118,7.43262,0.052,0.239,21.295,5.612,0.097,NA,NA,NA
132,69.16986,NA,14.302,56.925,13.346,12.512,0,0.008,NA
133,62.58152,NA,20.12,85.751,14.219,6.075,NA,NA,NA
134,8.26962,0.077,2.756,19.782,2.386,0.738,NA,NA,NA
135,8.57746,NA,4.314,16.086,4.94,0.16,NA,0.029,NA
136,20.24206,0.092,1.981,58.325,8.981,2.03,NA,NA,NA
152,33.55877,0.024,9.83,66.661,8.475,2.599,NA,0.015,NA
153,62.62392,0.078,32.558,59.863,15.153,8.24,NA,1.172,NA
154,21.77551,0.404,4.756,58.521,9.032,1.615,NA,NA,NA
155,23.6104,0.089,2.688,62.599,9.37,2.208,NA,0.017,NA
156,7.13397,NA,2.008,18.939,4.535,0.606,NA,0.011,NA
171,78.04116,NA,23.042,79.002,15.468,9.503,0.048,NA,NA
172,38.98634,0.07,18.821,85.331,9.423,2.716,NA,NA,NA
173,24.730400000000003,0.111,7.352,83.007,9.96,1.85,NA,NA,NA
174,17.57019,0.023,2.913,75.524,8.021,1.45,NA,NA,NA
175,18.02207,0.161,3.193,51.217,6.208,0.982,NA,0.003,NA
191,52.489990000000006,0.049,19.154,107.208,7.501,4.141,NA,NA,NA
192,47.332,0.116,20.47,102.094,14.462000000000002,3.143,NA,NA,NA
193,26.36565,0.044,3.664,93.731,9.338,2.891,NA,NA,NA
194,26.21717,NA,2.451,43.39,4.234999999999999,5.536,NA,0.095,NA
195,4.48996,NA,3.522,4.819,3.321,0.146,NA,0.094,NA
211,58.7433,0.187,5.895,56.398,12.81,12.926,0.095,0.268,NA
212,44.15535,0.043,13.441,115.154,9.592,2.393,NA,NA,NA
213,34.88633,0.018,6.853,78.807,11.145,2.81,NA,0.007,NA
214,44.95482,0.109,1.318,61.802,7.275,4.567,NA,0.544,NA
215,0.40713,NA,NA,0.221,0.135,0.14,NA,NA,NA
231,57.59465,NA,8.644,91.054,9.433,5.504,0.124,NA,NA
232,38.55672,0.031,4.772,85.167,6.0680000000000005,3.271,NA,NA,NA
233,63.77807,0.15,2.8920000000000003,74.65899999999999,9.646,9.518,NA,0.968,NA
233,63.77807,0.007,2.8920000000000003,74.65899999999999,9.646,9.518,NA,0.968,NA
234,43.77981,0.024,1.281,39.632000000000005,8.76,10.566,NA,0.963,NA
250,66.89247,NA,3.566,44.693,16.67,19.607,0.81,NA,NA
251,69.80021,0.108,5.324,102.887,9.004,5.27,NA,NA,NA
252,64.73887,NA,0.395,76.117,10.556,12.968,0.023,NA,NA
253,94.49655,0.018,5.086,43.439,13.538,27.106,NA,7.907,NA
269,52.50988,NA,1.202,67.468,8.189,9.038,1.042,NA,NA
270,41.54721,NA,3.151,59.948,7.343,3.797,NA,NA,NA
271,66.07932,0.02,2.447,27.637,20.498,25.807,0.002,2.297,NA
272,69.37675,NA,2.56,9.978,9.789,16.655,NA,15.769,NA
288,51.06752,0.036,10.169,31.933,8.599,13.117,1.2000000000000002,NA,NA
288,51.06752,0.102,10.169,31.933,8.599,13.117,1.2000000000000002,NA,NA
289,74.03045999999999,NA,1.674,73.899,11.52,9.172,NA,NA,NA
290,52.17648,NA,3.288,40.266,11.300999999999998,12.659,NA,1.011,NA
291,106.80193,NA,4.102,3.964,21.902,33.532,NA,28.016,NA
307,68.88943,NA,10.562,47.661,10.132,14.932,1.526,NA,NA
308,62.64866,NA,1.911,54.537,16.255,11.035,NA,1.214,NA
309,124.90382,NA,4.737,10.35,37.426,45.302,0.507,29.302,0.073
310,16.79091,NA,1.866,0.384,3.038,3.828,NA,3.659,NA
326,92.53222,0.098,41.866,16.296,20.497,35.669,5.221,NA,NA
327,50.16565,0.295,4.373,30.092,8.368,15.854,0.615,0.543,NA
328,89.7288,0.132,3.636,19.015,37.718,30.445,1.963,12.387,NA
329,31.98563,0.102,7.853,10.434,8.869,9.065,NA,4.333,NA
330,NA,NA,NA,NA,NA,NA,NA,NA,NA
347,109.73529,0.05,47.925,15.376,19.749,33.028,6.589,2.261,NA
348,59.77221,NA,2.419,28.448,16.478,17.71,0.245,3.62,NA
349,42.00956,NA,5.319,23.605,11.273,8.850000000000001,0.07,2.5959999999999996,NA
350,8.41095,0.021,0.876,5.913,0.888,2.43,NA,0.532,NA
351,5.57323,NA,0.244,2.784,0.834,0.55,NA,0.886,NA
367,46.13834,0.013,40.58,16.715,9.385,12.938,2.017,NA,NA
368,52.456239999999994,NA,10.552,21.169,9.965,13.861,0.927,1.755,NA
369,40.2316,0.053,2.212,24.885,11.092,9.671,NA,0.774,NA
370,27.76098,NA,0.84,18.328,3.0549999999999997,7.978,NA,2.1590000000000003,NA
371,60.19904,0.047,1.416,18.591,5.665,8.73,NA,11.137,NA
388,100.08865,0.01,44.267,15.996,22.641,27.659,4.353,4.638,NA
389,57.89361,NA,1.956,24.061,19.821,22.266,0.134,0.35,NA
390,81.07797,NA,1.274,26.883,18.724,31.253,NA,5.7829999999999995,NA
391,48.073,0.097,2.463,15.108,6.781,14.965,NA,5.343999999999999,NA
392,81.19354,0.145,0.615,23.46,7.873,14.651,NA,19.825,NA
408,64.08846,0.575,34.579,16.657,11.134,20.37,2.188,NA,NA
409,76.57537,0.112,10.085,24.692,26.764,31.704,0.35,0.641,NA
410,86.91556,0.044,1.111,21.646,30.589,49.264,NA,0.32,NA
411,104.66996,NA,1.553,26.122,11.486,33.657000000000004,NA,15.622,NA
412,81.72679000000001,0.244,8.76,28.051,13.031,16.346,NA,10.104,NA
413,15.3612,NA,0.264,2.013,1.878,2.837,NA,4.445,NA
429,96.87409,0.131,17.471,20.223,28.271,40.75,0.349,0.115,NA
429,96.87409,0.875,17.471,20.223,28.271,40.75,0.349,0.115,NA
430,71.74582,0.103,1.666,10.832999999999998,39.633,50.284,NA,0.285,NA
431,95.78913,0.204,0.712,8.41,18.136,38.02,NA,5.965,NA
432,76.09859,NA,2.972,17.348,11.181,23.157,NA,9.177,NA
433,114.10564,0.047,0.787,27.398,13.596,23.941,NA,21.222,NA
449,119.1919,0.509,24.483,22.75,33.376,54.681999999999995,0.084,0.05,NA
449,119.1919,0.441,24.483,22.75,33.376,54.681999999999995,0.084,0.05,NA
450,64.94614,NA,4.594,10.7,36.206,38.766000000000005,0.129,NA,NA
451,112.42632,0.428,1.108,4.874,31.437,57.365,NA,NA,NA
452,139.74273000000002,0.177,0.773,9.711,12.183,38.047,NA,31.487,NA
453,65.52847,NA,2.6,29.578,12.571,16.318,NA,4.934,NA
454,45.03963,NA,0.202,3.64,6.996,9.618,NA,15.69,NA
471,124.80083,1.929,7.834,6.108,43.616,69.892,NA,0.716,NA
472,107.92858,0.833,1.656,2.006,69.2,84.509,NA,1.147,NA
473,126.38079,0.178,1.121,3.07,25.173,41.234,NA,8.383,NA
474,18.50176,0.144,3.814,6.492,6.063,4.165,NA,0.791,0.008
474,18.50176,0.018,3.814,6.492,6.063,4.165,NA,0.791,0.008
475,119.65295,0.155,1.559,16.798,16.051,28.603,NA,19.719,NA
491,140.40567,7.61,16.601,3.525,47.553,83.501,0.051,1.651,NA
492,143.38298,2.314,5.656,1.287,42.632,88.008,0.514,5.247,NA
493,146.82138,0.287,2.314,2.361,44.132,70.742,NA,2.119,NA
494,67.15583,0.176,8.908999999999999,3.658,22.025,25.278,NA,7.317,NA
495,94.45096,0.001,1.922,16.49,17.227,28.623,NA,7.691,NA
496,62.70882,0.107,0.941,15.108,20.625,12.162,NA,10.583,NA
51,NA,NA,NA,NA,NA,NA,NA,NA,NA
52,22.42813,0.91,8.668,25.225,5.432,5.666,0.069,NA,NA
53,79.10609000000001,0.029,47.751,60.407,17.504,13.456,0.157,0.059,NA
53,79.10609000000001,0.033,47.751,60.407,17.504,13.456,0.157,0.059,NA
54,49.89297,0.579,8.933,65.74,23.688,10.805,NA,NA,NA
56,NA,NA,NA,NA,NA,NA,NA,NA,NA
57,11.37823,NA,3.259,17.964,2.239,2.752,0.006,NA,NA
58,42.02115,0.166,32.608,40.923,12.095,9.857,0.023,NA,NA
59,73.86449,0.037,26.824,55.652,16.63,14.526,0.002,NA,NA
60,37.47333,0.021,15.619,22.282,11.903,9.731,0.013,NA,NA
61,NA,NA,NA,NA,NA,NA,NA,NA,NA
62,0.06964,NA,NA,NA,NA,NA,NA,NA,NA
63,10.08609,0.017,0.646,15.196,2.37,2.277,NA,0.018,NA
64,28.89669,0.029,14.881,59.943,8.534,4.908,NA,0.093,NA
65,74.00578,0.028,24.339,43.101,20.683999999999997,18.497,NA,NA,NA
65,74.00578,0.062,24.339,43.101,20.683999999999997,18.497,NA,NA,NA
66,85.96733,0.146,32.716,60.046,23.121,20.018,NA,NA,NA
70,18.49064,0.006,5.631,38.322,5.672,2.615,0.095,0.014,NA
71,59.24599,0.502,22.505,46.122,14.892,15.053,NA,0.025,NA
72,79.16869,0.139,31.683,67.061,15.03,14.162,NA,NA,NA
72,79.16869,0.08,31.683,67.061,15.03,14.162,NA,NA,NA
73,72.90211,0.219,42.593,43.159,15.916,15.164,NA,NA,NA
77,9.90678,NA,2.288,17.003,2.025,0.812,0.004,0.002,0
78,37.52507,0.008,7.074999999999999,46.628,9.52,8.286,0.145,NA,NA
78,37.52507,0.026,7.074999999999999,46.628,9.52,8.286,0.145,NA,NA
79,50.08692,0.065,10.585,45.857,9.039,8.012,NA,NA,NA
80,83.20103,0.209,33.954,63.103,16.032,18.94,NA,0.022,NA
87,23.4744,0.061,6.324,35.194,6,3.45,0.047,NA,NA
88,79.99216999999999,0.043,22.498,56.939,14.569,15.363,0.027,NA,NA
88,79.99216999999999,0.149,22.498,56.939,14.569,15.363,0.027,NA,NA
89,86.27677,0.281,42.233,73.94399999999999,12.388000000000002,10.693,NA,0.04,NA
90,42.57463,0.07,21.894,30.026,7.828,8.655,0.093,0.012,NA
90,42.57463,0.011,21.894,30.026,7.828,8.655,0.093,0.012,NA
97,22.85216,NA,5.135,28.522,4.103,4.989,0.696,0.003,0.007
98,62.34227,0.068,15.75,52.023,12.136,12.222,0.009,0.04,NA
113,38.82097,0.075,6.387,47.642,8.103,7.69,1.004,NA,NA
114,69.93275,0.133,16.105,56.593,17.236,13.04,NA,NA,NA
130,30.49528,NA,5.482,17.784,7.576,10.478,1.348,NA,1.095
131,59.25134,0.121,10.837,52.186,11.512,13.87,0.6,NA,NA
150,65.56687,0.141,9.112,40.988,15.477,21.345,2.224,0.004,0.002
151,84.01311,0.348,16.413999999999998,67.50699999999999,17.182,18.125,0.381,NA,NA
169,52.04819,0.47,7.267,30.324,13.01,16.28,0.642,0,9.907
170,72.76482999999999,NA,9.42,50.67,15.633,21.688,2.0740000000000003,NA,0.01
189,71.95504,0.733,9.92,34.772,15.741,25.266,3.651,NA,0.008
190,82.36933,0.202,12.481,81.06,13.822,16.325,1.126,NA,NA
190,82.36933,0.222,12.481,81.06,13.822,16.325,1.126,NA,NA
209,43.12311,0.452,9.763,31.188,9.459,12.842,1.707,0.047,3.286
210,79.3362,0.209,11.123,53.767,12.73,23.762,4.486,0.087,NA
229,60.08043,1.115,5.86,35.748,11.496,17.607,2.099,0.036,NA
230,87.17267,0.237,4.857,68.742,18.007,21.469,1.177,0.804,NA
248,19.06873,3.22,6.308,10.714,4.835,4.752,2.449,0.152,43.463
249,79.91096999999999,1.425,11.488,42.760000000000005,12.882,23.373,4.567,NA,0.003
249,79.91096999999999,0.303,11.488,42.760000000000005,12.882,23.373,4.567,NA,0.003
267,30.67827,1.156,20.121,16.69,3.885,5.728,2.934,0.086,0.184
268,88.72146000000001,0.197,16.331,39.11,20.366,32.15,3.477,0.001,0.006
268,88.72146000000001,0.079,16.331,39.11,20.366,32.15,3.477,0.001,0.006
286,63.41865,5.427,52.613,7.649,8.058,5.095,12.347,1.011,4.494
287,44.74638,0.123,26.358,20.897,8.363,12.095,3.259,0.014,0.042
305,43.97984,2.909,22.548,23.211,5.451,7.745,11.992,0.285,0.041
306,76.20184,0.016,54.17,14.218,15.636,24.036,3.331,NA,NA
324,20.13906,0.238,20.399,9.02,4.594,2.825,6.502,0.085,1.081
325,38.42533,0.094,38.455,14.214,5.753,11.89,2.474,0.177,NA
345,70.88615,3.982,21.58,15.278,10.704,21.656,16.631,0.229,0.008
345,70.88615,0.269,21.58,15.278,10.704,21.656,16.631,0.229,0.008
346,28.54501,0.495,28.114,10.122,5.451,7.059,1.03,NA,NA
365,17.79145,2.039,7.318,2.809,4.502,6.735,5.207,0.041,0.153
366,44.81337,0.023,25.301,13.903,7.303,15.712,3.057,0.001,0.028
386,85.88215,2.404,7.744999999999999,8.663,16.695,40.07,15.708,0.14,0.075
386,85.88215,0.287,7.744999999999999,8.663,16.695,40.07,15.708,0.14,0.075
387,46.34859,NA,34.252,13.489,9.796,16.275,1.686,0.127,NA
406,46.74025,0.801,5.457,2.052,8.181,19.066,6.166,NA,4.305
407,91.13873,1.102,17.817,9.572,23.551,51.283,5.35,NA,0.687
407,91.13873,0.481,17.817,9.572,23.551,51.283,5.35,NA,0.687
427,109.37576,0.836,5.864000000000001,6.087,24.623,60.925,7.35,0.181,NA
428,103.64925,1.037,19.496,18.043,26.888,60.146,1.132,NA,NA
428,103.64925,0.835,19.496,18.043,26.888,60.146,1.132,NA,NA
447,59.42719,2.048,8.949,1.93,14.404,25.216,6.583,NA,17.623
448,114.70626,11.852,9.93,5.243,33.028,68.636,3.474,0.366,3.26
469,113.71174,10.736,8.616,2.117,27.689,68.47,10.289,NA,3.252
470,115.43048,4.144,8.181,8.586,34.823,74.354,1.238,0.213,NA
489,59.52848,4.398,12.093,2.843,21.907,29.964,5.029,0.072,17.954
490,109.50574,58.373,16.135,1.501,27.011,81.957,9.641,4.216,0.001
511,39.53051,15.736,11.705,0.739,19.368,24.139,2.875,0.671,5.056
512,79.62759,72.592,32.201,0.098,39.919,68.693,2.118,7.251,NA
533,12.63163,0.94,9.663,2.315,2.875,2.82,1.143,0.116,8.009
534,84.22075,51.486,23.211,0.501,38.221,60.923,4.83,5.688,0.069
557,2.32105,0.049,5.268,1.274,0.194,0.432,0.121,NA,NA
558,81.11636,78.997,53.596999999999994,0.134,40.629,40.956,2.22,15.413,NA
581,0.64876,0.038,4.689,0.748,0.415,0.002,0.098,NA,NA
582,12.93827,0.005,8,0.971,10.855,6.57,0.034,0.491,0.651
607,4.26023,NA,5.255,0.737,2.4290000000000003,1.392,NA,NA,NA
608,43.85709,10.501,12.042,0.397,21.03,18.845,1.8,6.182,NA
631,1.29091,0.019,1.6940000000000002,NA,1.093,0.741,NA,NA,NA
632,32.05794,1.098,18.89,0.443,17.761,14.526,0.968,4.194,NA
656,9.49695,0.073,17.95,2.649,6.202,4.765000000000001,0.234,0.305,NA
656,9.49695,0,17.95,2.649,6.202,4.765000000000001,0.234,0.305,NA
657,27.40792,0.553,8.644,4.773,11.555,6.44,1.927,2.302,NA
680,59.37498,0.05,16.803,3.684,34.386,46.112,3.846,0.1,NA
681,25.22565,0.109,19.636,2.065,9.052,7.675,1.978,3.114,NA
706,60.95615,0.238,16.625,8.707,31.182,36.132,1.46,0.164,NA
706,60.95615,0.27,16.625,8.707,31.182,36.132,1.46,0.164,NA
707,75.22726,7.22,33.161,4.348,68.222,11.363,5.307,22.222,0.001
728,22.64498,NA,1.538,9.499,10.388,5.947,0.237,NA,NA
729,28.86421,0.011,5.571,10.005,16.861,14.074,7.176,NA,0.002
730,89.08914,6.833,25.95,0.283,64.407,58.347,20.477,1.718,NA
731,58.75192,0.36,12.071000000000002,3.52,35.753,39.493,2.081,NA,4.624
732,49.41295,0.65,29.251,1.232,29.156,27.144,2.743,4.886,NA
732,49.41295,0.385,29.251,1.232,29.156,27.144,2.743,4.886,NA
753,15.64733,0.003,2.016,9.855,7.419,5.088,0.62,NA,NA
754,36.74729,0.453,15.709,1.689,20.933999999999997,20.539,7.078,0.261,NA
755,75.97361,1.822,20.696,0.062,52.94,46.545,15.548,NA,6.583
755,75.97361,0.066,20.696,0.062,52.94,46.545,15.548,NA,6.583
756,51.53532,0.201,19.585,4.41,23.548,27.241,2.051,NA,0.09
757,102.06581,0.614,21.164,3.307,53.553,67.866,0.999,3.283,NA
777,22.06982,NA,1.746,8.629,7.142,5.416,1.513,NA,0.107
778,19.70778,0.063,6.960000000000001,5.872,9.48,9.112,0.28500000000000003,NA,0.036
779,38.778769999999994,0.202,7.778,2.006,23.08,23.445,2.201,NA,0.005
780,80.89093,1.151,10.819,2.089,53.601,46.311,7.15,NA,1.97
781,88.44153,0.125,21.196,10.493,38.767,53.98,1.47,0.065,NA
781,88.44153,0.272,21.196,10.493,38.767,53.98,1.47,0.065,NA
800,25.07408,0.524,18.723,2.8,7.761,8.101,3.467,NA,1.153
801,36.96929,0.446,12.249,6.246,12.154,16.637,4.063,NA,NA
802,33.76331,NA,2.345,0.69,27.443,23.792,3.165,NA,0.042
803,61.97681,0.08,7.254,11.691,39.43000000000001,30.37,5.069000000000001,NA,0.01
804,86.33574999999999,0.319,9.568,2.494,54.056999999999995,60.167,3.1940000000000004,0.791,0.06
825,57.97812,0.35,3.809,3.527,51.071,40.285,3.214,0.035,0.001
825,57.97812,0.089,3.809,3.527,51.071,40.285,3.214,0.035,0.001
826,67.62797,NA,4.101,6.655,34.536,27.188,2.651,1.413,0.008
847,80.74654,0.023,1.806,2.931,61.979,42.002,5.8180000000000005,NA,1.278
848,85.86238,0.073,2.794,2.331,49.874,34.659,6.328,5.776,0.255
867,37.62332,0.126,0.745,3.2350000000000003,29.74,17.279,3.902,NA,0.758
868,61.28441,0.007,0.483,2.864,37.379,24.471,1.006,NA,30.148
888,58.91469,0.218,0.163,3.046,52.643,20.553,4.624,NA,0.283
889,72.24215000000001,0.187,9.868,11.714,41.757000000000005,20.711,3.014,0.359,2.878
890,109.84833,0.103,1.003,1.004,84.418,41.653,2.487,32.587,0.461
891,108.49722,0.234,8.186,1.513,70.66799999999999,42.824,0.909,59.062,1.857
908,13.41223,0.008,0.14300000000000002,3.142,8.443999999999999,3.899,0.735,NA,0.002
909,82.02419,0.026,1.754,2.124,70.14,30.449,5.934,NA,10.392
910,62.55692,NA,8.932,4.739,52.091,22.647,2.256,8.625,0.006
911,93.27776,0.003,5.845,0.673,97.133,30.973000000000003,2.0679999999999996,61.125,0.001
928,61.94466,0.088,0.413,2.72,49.422,28.056,3.338,NA,0.002
929,77.44984,0.182,1.946,3.619,63.541,44.774,4.059,NA,0.796
929,77.44984,0.162,1.946,3.619,63.541,44.774,4.059,NA,0.796
930,68.35864,0.006,11.479,1.392,77.42,26.966,0.864,31.602,0.005
931,93.33844,NA,0.685,0.153,90.159,36.412,0.196,64.39,NA
947,39.08904,0.055,0.337,5.3,22.926,22.924,2.24,NA,0.003
948,76.03747,NA,1.318,3.1180000000000003,57.964,43.786,6.128,NA,NA
949,62.29259,0.031,6.694,3.522,48.884,34.147,4.706,1.732,1.48
950,96.19597,NA,6.516,NA,103.395,42.648,1.617,57.483,NA
967,63.21532,NA,0.862,4.925,42.694,27.339,2.707,NA,0.004
968,43.53594,0.04,0.933,3.21,37.771,31.244999999999997,4.254,0.445,4.231
969,56.55562,NA,12.036,3.795,42.622,28.957,4.391,6.941,0.276
970,98.45979,0.001,7.371,NA,69.367,51.572,2.524,44.458,0.124
971,101.82271,NA,0.615,0.832,64.787,43.185,0.327,62.716,NA
972,124.98511,0.122,6.83,0.518,94.456,43.256,0.603,64.863,NA
973,30.40537,0.102,3.056,18.369,7.565,9.54,NA,0.046,NA
985,41.82201,0.035,0.01,5.993,26.826,17.52,1.7,NA,0.002
986,54.1375,NA,1.212,4.799,50.014,37.513,3.646,NA,NA
987,51.27483,NA,0.612,1.265,47.625,37.139,3.4090000000000003,NA,7.663
988,72.15055000000001,NA,35.626999999999995,11.084,52.498,23.058,8.729,10.509,NA
989,100.87074,NA,8.918,0.73,74.536,49.66,1.764,42.168,1.683
990,82.53962999999999,0.022,0.8520000000000001,1.644,56.642,41.197,0.117,37.718999999999994,NA
990,82.53962999999999,0.057,0.8520000000000001,1.644,56.642,41.197,0.117,37.718999999999994,NA
991,57.26731,0.014,31.467,13.244,18.153,14.989,0.061,2.77,NA
992,2.94186,NA,0.937,1.526,2.058,1.535,NA,NA,NA
1005,62.55454,NA,0.332,9.123,60.046,34.827,5.104,NA,NA
1006,54.882569999999994,NA,2.177,3.956,50.338,32.096,5.724,NA,0.912
1007,65.32451,0.014,5.323,7.1240000000000006,50.249,42.576,2.846,0.155,1.911
1008,59.56106,NA,42.36,0.861,35.377,29.406,2.279,5.243,NA
1009,116.38782,NA,7.901,2.828,71.591,63.376,1.569,36.8,NA
1010,45.76526,0.243,17.281,11.561,23.557,20.898,NA,2.664,NA
1011,16.98221,NA,3.706,11.653,4.852,3.47,NA,NA,NA
1012,1.5585,0.105,0.077,1.982,0.751,0.483,NA,NA,NA
1024,41.99605,NA,0.037,0.827,32.549,32.19,0.314,0,NA
1025,30.02113,0.037,0.015,5.5840000000000005,32.155,15.491,0.977,NA,NA
1026,57.0518,0.016,6.654,4.776,50.896,35.388,8.517999999999999,NA,NA
1027,54.24358,NA,20.998,12.733,31.348,32.61,3.396,0.332,NA
1028,45.44068,NA,35.159,4.232,23.223,17.046,2.059,1.933,NA
1029,37.783370000000005,0.047,12.326,9.746,20.821,21.621,0.401,1.246,NA
1029,37.783370000000005,0.498,12.326,9.746,20.821,21.621,0.401,1.246,NA
1030,50.29699,NA,15.853,21.833,21.08,16.079,NA,NA,0.001
1031,NA,NA,NA,NA,NA,NA,NA,NA,NA
1044,40.125600000000006,NA,1.082,5.752,34.157,27.15,1.861,NA,NA
1045,36.05767,NA,0.977,4.074,33.637,26.507,3.167,NA,NA
1046,50.14187,NA,2.595,6.775,41.506,29.882,2.541,0.71,0.022
1047,49.48591,0.087,20.319,3.273,39.794,37.052,1.043,NA,NA
1048,58.55007,NA,11.399,12.651,31.845,40.364,1.963,NA,NA
1049,60.5808,NA,11.605,19.422,35.33,22.984,0.218,NA,NA
1050,8.42297,NA,9.154,6.472,4.509,3.683,NA,0.004,NA
1062,104.66954,NA,7.257,1.451,61.503,70.689,7.108,0.001,0.005
1063,40.85029,NA,1.233,8.642,34.036,30.882,0.434,NA,0.003
1064,55.67812,NA,1.8,5.54,49.189,40.537,5.131,NA,NA
1065,58.40781,NA,3.002,10.477,51.241,39.315,1.177,NA,0.021
1066,69.54048,NA,8.462,11.618,53.68,51.055,0.707,NA,NA
1067,61.76936,NA,7.692,12.938,46.338,42.616,0.286,NA,NA
1068,42.05007,0.054,8.847,20.983,22.892,15.336,0.152,NA,NA
1081,88.17804000000001,0.011,4.235,5.339,49.835,60.649,6.4559999999999995,NA,NA
1082,49.12562,NA,1.582,13.952,30.535,29.83,1.552,NA,NA
1083,46.9759,NA,2.783,6.122,47.902,33.742,0.079,NA,NA
1084,65.8278,0.05,6.087,4.091,60.948,48.382,1.684,NA,NA
1085,52.22857,NA,8.41,8.856,50.028,31.884,5.271,NA,NA
1086,43.43228,0.021,9.224,16.156,29.653,24.811,0.588,NA,NA
1087,0.09508,NA,NA,0.125,0.098,0.038,NA,NA,NA
1100,67.58547,0.027,14.25,4.5840000000000005,23.355,42.968,0.4449999999999999,NA,0.021
1101,41.54939,NA,5.985,16.118,18.259,23.91,0.991,NA,0.001
1102,43.91656,0.188,2.185,21.446,26.519,26.145000000000003,0.547,NA,NA
1102,43.91656,0.065,2.185,21.446,26.519,26.145000000000003,0.547,NA,NA
1103,48.24118,NA,2.675,8.946,49.756,29.097,0.933,NA,NA
1104,42.95012,0.014,7.473,9.503,42.925,22.756,2.955,NA,0.002
1105,67.67252,0.061,10.19,16.998,41.628,39.692,2.337,NA,NA
1106,30.38598,0.033,4.283,5.687,20.829,16.342,1.096,NA,NA
1119,65.31135,0.462,14.95,5.252,31.818,47.289,1.733,NA,0.005
1120,30.11619,NA,4.409000000000001,14.261,7.847,13.918,0.829,NA,0.121
1121,29.31325,NA,0.131,20.028,25.128,13.499,1.079,NA,NA
1122,33.2063,NA,4.454,6.449,34.187,18.379,2.806,NA,0.101
1123,57.31077,0.095,7.608,19.649,43.379,29.554,4.284,NA,0.334
1124,84.91016,0.044,9.183,13.884,66.836,54.748,6.58,NA,NA
1137,45.73871,0.094,17.503999999999998,19.984,22.183,23.192,0.222,NA,0.231
1138,37.68151,0.035,11.187,13.582,13.34,24.694,0.648,NA,NA
1139,18.44333,0.172,1.828,12.731,8.869,7.259,0.528,NA,0.002
1140,42.281580000000005,NA,4.096,20.427,24.829,13.6,2.72,NA,0.139
1141,64.37218,0.005,10.79,14.575,45.007,28.93,7.736,NA,0.242
1142,80.86596,0.598,6.404,19.303,69.143,58.786,2.947,NA,NA
1143,19.00032,NA,0.125,1.272,11.55,10.818,NA,NA,NA
1156,44.07255,NA,9.5,12.511,18.551,25.388,0.655,NA,0.004
1157,34.11895,0.096,6.479,18.866999999999997,10.892,14.774,0.47,NA,0.003
1158,43.17424,NA,1.717,28.011,16.011,12.193,0.748,0.004,0.002
1159,32.30863,NA,4.101,7.558,19.576,12.012,3.373,NA,0.001
1160,46.77305,NA,5.43,3.672,35.255,36.666,4.646,NA,0.225
1161,34.12793,0.173,1.622,3.718,31.879,28.518,0.337,NA,NA
1174,24.67742,0.07,10.269,12.185,9.578,11.002,0.093,NA,NA
1175,28.69707,NA,9.296,10.388,9.627,12.179,0.208,NA,NA
1176,24.17399,0.011,1.023,20.523,8.937,9.689,0.267,NA,NA
1177,66.06884,NA,3.364,26.874,30.001,24.945,5.629,NA,0.003
1178,56.33938,0.066,8.081,7.703,30.645,34.048,6.009,NA,0.003
1179,45.40388,NA,7.393,4.531,34.662,30.541,4.891,NA,0.064
1180,14.9251,0.105,0.52,4.526,7.903,9.857,0.001,NA,NA
1193,20.99748,NA,13.748,10.957,7.29,8.25,0.745,NA,NA
1194,8.33222,0.049,0.768,11.052,2.531,2.874,NA,NA,NA
1195,36.29704,NA,1.521,25.012,13.002,11.117,1.004,NA,0.004
1196,54.44018,0.117,5.174,10.218,24.046,28.43,4.94,NA,0
1197,85.88086,NA,6.133,14.705,58.939,62.351,8.588,NA,NA
1198,45.49889,NA,1.669,15.162,28.232,28.962,1.532,NA,NA
1211,13.33491,NA,6.026000000000001,9.065,13.045,4.194,0.16,NA,NA
1212,11.76743,0.021,3.626,13.07,5.552,2.078,0.116,NA,NA
1213,13.20263,0.015,1.273,13.228,5.038,5.501,0.207,NA,NA
1214,53.91247,0.034,8.08,26.001,19.414,18.42,4.031,NA,NA
1215,80.1582,NA,11.357,14.722,45.469,55.569,10.375,NA,0.013
1216,63.6766,0.042,3.616,21.281,36.033,35.031,2.231,NA,NA
1217,6.10459,NA,0.067,3.789,3.532,4.092,NA,NA,NA
1231,16.18673,NA,7.898000000000001,10.634,6.436999999999999,6.51,0.441,NA,NA
1232,0.16802,0.002,0.392,3.905,0.444,NA,NA,NA,NA
1233,21.33669,0.087,1.859,19.801,7.962,5.332,0.272,NA,NA
1234,55.58848,NA,11.673,24.238,22.635,23.963,5.959,NA,NA
1235,69.77174,NA,9.004,21.796,36.831,42.246,7.066,NA,0.001
1236,14.8101,NA,0.744,3.281,10.216,8.321,0.179,NA,NA
1248,5.5882,0.205,3.558,2.916,8.328,2.771,NA,NA,NA
1249,0.50406,NA,0.79,0.812,0.085,0.436,NA,NA,NA
1250,0.49115,NA,NA,2.971,0.557,NA,NA,NA,NA
1251,23.74828,NA,3.77,16.643,8.058,5.449000000000001,2.166,NA,NA
1252,50.86351,0.056,4.504,22.772,19.566,24.933,4.09,0.193,0.001
1253,18.10531,0.172,0.181,7.169,8.133,8.706,0.446,NA,NA
1265,21.8966,0.118,13.451,7.65,7.259,8.787,NA,NA,NA
1266,NA,NA,NA,0.021,NA,NA,NA,NA,NA
1267,1.40217,NA,0.288,4.801,0.857,0.227,0.022,NA,NA
1268,23.12201,NA,3.263,14.978,7.481,7.866,0.518,0.517,0.002
1269,38.4768,0.121,5.154,17.238,12,14.324,0.328,NA,NA
1280,1.80177,NA,0.184,1.467,0.5609999999999999,0.668,NA,NA,NA
1281,29.80601,0.041,41.381,6.547000000000001,2.623,7.767,0.002,0.357,0.077
1282,0.01233,NA,0.057,0.383,0.065,NA,NA,NA,0.568
1283,NA,NA,NA,NA,NA,NA,NA,NA,NA
1284,41.81443,0.027,8.001000000000001,30.53,11.868,11.851,0.253,2.004,NA
1285,17.040319999999998,NA,0.628,7.179,7.087,8.621,0.627,NA,NA
1292,30.96332,0.04,50.362,11.157,5.056,6.314,0.005,NA,NA
1292,30.96332,0.015,50.362,11.157,5.056,6.314,0.005,NA,NA
1293,14.3158,0.121,47.21,0.926,1.783,2.785,0.602,0.434,11.619
1294,1.01452,NA,3.035,1.012,0.218,0.083,NA,0.064,10.481
1295,2.35461,0.05,2.428,0.717,0.613,0.307,0.364,0.034,NA
1296,16.79958,0.215,3.374,11.855,8.1,4.534,0.199,NA,NA
1302,0.66084,0.007,NA,0.544,0.132,0.166,NA,NA,NA
1303,37.94679,0.155,96.094,2.135,2.55,7.601,0.005,3.003,0.008
1304,22.58922,0.094,111.635,0.914,2.389,2.874,1.08,3.89,28.405
1305,12.55168,0.362,31.026,1.335,0.84,1.42,NA,1.496,20.85
1306,44.99502,0.287,61.768,9.723,5.584,4.796,0.27,3.174,0.035
1307,10.51785,0.024,0.191,4.576,5.01,3.511,0.104,0.054,NA
1311,22.17762,0.049,51.272,6.317,2.499,2.593,NA,NA,0.002
1312,11.37597,0.121,116.953,NA,2.617,1.012,2.716,1.823,0.001
1313,30.95986,0.408,131.985,4.402,2.29,2.377,0.763,11.831,6.332
1314,51.56394,0.69,119.993,3.002,3.559,3.189,1.359,18.586,17.059
1315,17.61613,0.246,26.472,3.365,2.797,2.063,0.282,0.435,0.005
1318,1.92409,0.026,11.116,NA,0.254,0.233,0.013,0.336,NA
1319,3.4734,NA,29.595,NA,0.291,0.185,0.047,0.738,0
1320,21.4692,0.212,78.81,2.353,1.843,0.412,0.156,9.563,NA
1321,40.99524,0.162,103.605,6.013,3.062,3.944,0.009,7.194,0.067
1322,NA,NA,0.038,0.21,0.145,NA,NA,NA,NA
1324,3.73795,0.058,11.35,NA,0.169,0.232,NA,0.552,NA
1325,34.83056,0.265,82.805,3.058,2.737,5.679,0.361,2.474,1.172
1328,9.70046,NA,32.394,NA,0.995,3.278,0.169,0.687,NA
1329,0.05332,NA,0.435,NA,NA,0,NA,NA,0.114
1331,8.63227,0.111,28.293,0.524,0.501,1.947,NA,0.587,0.001
936,0.18101,4.206,0.778,NA,0.482,NA,1.585,NA,16.642
937,0.69477,10.234,NA,NA,3.023,NA,1.452,NA,39.087
938,5.68571,0.699,0.683,NA,5.558,0.06,3.885,0.018,8.148
938,5.68571,8.464,0.683,NA,5.558,0.06,3.885,0.018,8.148
939,0.08876,NA,NA,NA,0.074,0.007,0.007,NA,6.72
940,0.05631,0.024,0.004,0.011,0.33599999999999997,NA,NA,NA,NA
956,2.26463,4.661,0.826,NA,1.535,0.022,1.857,NA,54.398
956,2.26463,19.623,0.826,NA,1.535,0.022,1.857,NA,54.398
957,1.52219,27.287,0.354,NA,4.095,NA,9.092,NA,54.627
958,2.92292,2.34,0.353,NA,2.795,0.299,1.607,0.016,20.324
958,2.92292,2.82,0.353,NA,2.795,0.299,1.607,0.016,20.324
959,NA,NA,NA,0.012,0,NA,NA,NA,0.193
960,0.73709,0.008,0.017,1.738,0.391,0.003,NA,NA,NA
974,1.02555,7.515,0.149,NA,0.169,NA,1.269,NA,0.838
974,1.02555,3.056,0.149,NA,0.169,NA,1.269,NA,0.838
975,1.17269,12.102,0.211,NA,0.368,0.015,2.528,0.004,50.355
976,0.47628,2.516,0.127,NA,1.265,0.037,0.838,NA,49.429
977,1.14629,0.116,0.175,0.007,0.945,0.039,0.106,NA,21.578
978,0.22749,0.097,0.108,1.426,0.579,0.109,0.151,NA,NA
979,0.77384,0.02,0.008,1.231,1.296,0.063,0.02,NA,0.009
979,0.77384,0.014,0.008,1.231,1.296,0.063,0.02,NA,0.009
993,NA,NA,NA,NA,NA,NA,NA,NA,NA
994,2.0371,54.429,2.329,NA,2.443,0.198,14.621,0.001,11.849
994,2.0371,12.651,2.329,NA,2.443,0.198,14.621,0.001,11.849
995,0.51609,4.173,0.083,NA,1.131,NA,1.66,NA,81.679
995,0.51609,0.379,0.083,NA,1.131,NA,1.66,NA,81.679
996,6.07072,1.391,6.502,0.064,4.595,0.263,12.509,NA,24.765
996,6.07072,9.596,6.502,0.064,4.595,0.263,12.509,NA,24.765
996,6.07072,4.788,6.502,0.064,4.595,0.263,12.509,NA,24.765
997,3.27092,3.136,4.019,0.332,2.5479999999999996,0.347,3.014,0.414,0.418
997,3.27092,1.4,4.019,0.332,2.5479999999999996,0.347,3.014,0.414,0.418
998,3.05297,0.193,0.498,3.759,4.076,0.171,0.099,NA,1.358
1013,1.35345,25.654,0.046,NA,0.232,0.494,4.577,NA,4.384
1014,0.83132,16.723,1.48,NA,1.343,0.143,6.687,0.07,5.8420000000000005
1014,0.83132,1.161,1.48,NA,1.343,0.143,6.687,0.07,5.8420000000000005
1014,0.83132,0.106,1.48,NA,1.343,0.143,6.687,0.07,5.8420000000000005
1015,2.50856,1.419,1.947,NA,2.786,0.437,10.25,0.488,84.13900000000001
1015,2.50856,20.804,1.947,NA,2.786,0.437,10.25,0.488,84.13900000000001
1016,14.58809,0.169,14.812,NA,4.987,1.11,12.537,0.09,4.093
1016,14.58809,19.748,14.812,NA,4.987,1.11,12.537,0.09,4.093
1017,10.56093,0.421,8.677,2.24,6.243,1.291,3.957,0.015,1.73
1017,10.56093,6.013,8.677,2.24,6.243,1.291,3.957,0.015,1.73
1018,31.477400000000003,0.13,34.485,1.005,8.019,10.113,4.609,NA,4.630000000000001
1018,31.477400000000003,4.566,34.485,1.005,8.019,10.113,4.609,NA,4.630000000000001
1032,0.02247,NA,NA,NA,NA,NA,NA,NA,NA
1033,0.66842,4.822,0.111,NA,1.033,NA,1.449,NA,4.754
1034,4.14183,1.14,1.166,NA,2.658,0.09,7.345000000000001,0.613,34.173
1034,4.14183,23.656,1.166,NA,2.658,0.09,7.345000000000001,0.613,34.173
1035,2.17186,4.009,0.5619999999999999,NA,3.028,0.009,1.276,NA,86.291
1035,2.17186,2.566,0.5619999999999999,NA,3.028,0.009,1.276,NA,86.291
1036,28.75831,20.41,20.788,NA,11.215,3.046,17.681,0.085,0.378
1037,28.21974,5.028,24.169,1.377,11.105,4.84,7.962,0,15.825
1051,0.51783,1.822,0.036,NA,0.339,0.073,0.046,NA,5.932
1052,0.95693,2.761,0.689,NA,0.801,0.038,0.752,0.029,5.42
1052,0.95693,4.832,0.689,NA,0.801,0.038,0.752,0.029,5.42
1053,0.31274,0.262,NA,NA,0.201,NA,0.109,NA,94.839
1054,6.98167,4.862,2.744,0.218,4.892,0.861,3.792,0.036,1.298
1055,30.6417,15.673,36.689,0.592,15.116,6.407,11.819,NA,NA
1056,37.99759,2.884,30.477,7.541,10.292,14.89,8.981,NA,0.013
1069,0.26219,0.665,NA,NA,0.17,NA,0.075,NA,0.196
1070,1.00172,8.657,1.956,NA,1.869,0.136,2.025,0.169,17.183
1070,1.00172,0.055,1.956,NA,1.869,0.136,2.025,0.169,17.183
1071,0.38319,0.512,NA,NA,0.377,NA,0.018,NA,23.384
1072,0.71048,0.007,0.001,NA,0.765,NA,NA,NA,15.508
1073,4.85364,0.311,0.343,NA,3.613,0.175,0.883,NA,10.582
1074,19.60455,1.727,17.618,4.686,5.619,6.553,4.776,NA,0.314
1088,NA,NA,NA,NA,NA,NA,NA,NA,NA
1089,0.54367,13.513,0.284,NA,2.231,0.261,0.543,0.063,6.634
1090,1.02424,5.325,0.174,NA,2.653,0.025,0.46,0.012,26.469
1091,0.14072,0.005,NA,NA,0.188,NA,NA,NA,0.517
1092,0.91864,NA,NA,NA,0.846,NA,0.063,NA,0.743
1093,0.20599,NA,NA,NA,0.437,NA,0.007,NA,NA
1094,9.89403,0.059,12.358,7.85,4.417,3.077,1.333,NA,0.02
1107,0.01608,NA,NA,NA,0.031,NA,NA,NA,0.216
1108,1.05329,14.465,2.769,NA,4.292,0.15,5.143,0.725,38.353
1108,1.05329,5.06,2.769,NA,4.292,0.15,5.143,0.725,38.353
1109,1.75934,0.058,0.063,NA,1.334,0.01,0.022,NA,1.845
1109,1.75934,0.456,0.063,NA,1.334,0.01,0.022,NA,1.845
1110,0.55981,0.007,NA,NA,1.845,NA,0.052,NA,0.073
1111,4.41762,0.067,0.084,0.233,2.103,0.022,0.449,NA,4.136
1112,0.7558,NA,0.578,0.151,0.534,NA,0.089,NA,NA
1125,NA,NA,NA,NA,NA,NA,NA,NA,0.749
1126,0.92329,4.676,0.012,0.029,1.974,0.019,0.684,0.004,28.397
1126,0.92329,0.042,0.012,0.029,1.974,0.019,0.684,0.004,28.397
1127,1.34848,6.209,0.003,NA,4.82,0.253,1.6150000000000002,0.008,16.218
1127,1.34848,4.38,0.003,NA,4.82,0.253,1.6150000000000002,0.008,16.218
1128,0.39039,0.357,0.101,0.402,0.629,NA,0.061,NA,NA
1128,0.39039,0.005,0.101,0.402,0.629,NA,0.061,NA,NA
1129,4.12632,0.043,0.051,0.011,1.907,0.016,0.11,NA,NA
1130,12.06507,0.049,0.031,2.31,6.284,0.575,0.657,0.001,0.017
1131,2.17566,0.051,12.202,0.738,0.23,0.211,0.105,NA,0.012
1144,0.24375,0.105,NA,NA,0.553,NA,NA,NA,4.77
1144,0.24375,0.283,NA,NA,0.553,NA,NA,NA,4.77
1145,0.38534,2.174,3.158,NA,2.219,1.06,5.138,0.548,6.037
1145,0.38534,10.7,3.158,NA,2.219,1.06,5.138,0.548,6.037
1146,1.51967,10.395,0.243,0.019,6.314,0.624,2.274,0.471,0.056
1147,6.29015,2.267,0.819,0.068,4.534,0.82,0.748,0.064,0.038
1148,3.14211,0.028,0.118,1.863,4.03,0.087,0.201,NA,0.034
1149,2.68053,0.166,1.657,0.432,1.607,0.088,0.248,NA,0.002
1162,NA,NA,NA,NA,NA,NA,NA,NA,1.37
1163,0.44489,1.596,0.034,NA,0.74,NA,0.042,NA,25.122
1164,1.79406,23.122,2.503,NA,4.25,1.594,5.182,1.577,2.5389999999999997
1164,1.79406,0.02,2.503,NA,4.25,1.594,5.182,1.577,2.5389999999999997
1165,2.02468,7.132,3.343,0.142,3.21,1.781,2.613,0.386,0.009
1166,4.11534,0.098,0.106,1.494,5.192,NA,0.4,NA,0.216
1167,2.71801,NA,NA,0.764,1.603,0.253,0.148,NA,0.004
1168,1.55192,0.014,12.096,0.484,0.291,0.295,0.034,NA,0.12
1181,0.36987,0.663,NA,NA,0.302,NA,NA,NA,30.305
1182,0.48107,2.707,NA,NA,2.126,0.125,0.7569999999999999,NA,4.26
1182,0.48107,3.931,NA,NA,2.126,0.125,0.7569999999999999,NA,4.26
1183,1.35601,12.15,2.256,NA,5.018,0.727,1.198,0.499,0.054
1184,2.10408,0.31,0.112,0.084,3.456,NA,0.231,0.005,0.11
1185,0.61133,0.003,NA,1.576,7.295,NA,NA,NA,NA
1186,NA,NA,NA,NA,0.005,NA,NA,NA,NA
1199,NA,0.373,NA,NA,0.005,NA,NA,NA,18.376
1200,0.13339,0.605,NA,NA,0.22,0.076,0.073,NA,32.507
1201,0.15899,17.912,NA,NA,4.501,0.324,1.029,0.164,0.003
1201,0.15899,0.053,NA,NA,4.501,0.324,1.029,0.164,0.003
1202,1.2627,0.233,0.026,NA,1.443,NA,0.217,NA,0.002
1203,4.10704,0.055,0.003,1.335,7.312,0.06,0.05,NA,0.649
1204,NA,NA,NA,NA,NA,NA,NA,NA,NA
1205,NA,NA,NA,NA,NA,NA,NA,NA,NA
1218,NA,NA,NA,NA,NA,NA,NA,NA,0.289
1219,NA,0.286,NA,NA,NA,NA,NA,NA,21.832
1220,0.10404,0.262,NA,NA,0.557,NA,0.017,NA,1.593
1221,0.00563,NA,NA,NA,0.478,NA,NA,0.001,NA
1222,0.95405,NA,NA,0.077,0.942,NA,NA,NA,NA
1223,NA,NA,NA,NA,0.031,NA,NA,NA,NA
1224,NA,NA,NA,NA,NA,NA,NA,NA,NA
1237,NA,NA,NA,NA,0.025,NA,NA,NA,2.364
1238,NA,0.054,NA,NA,0.037,NA,NA,NA,29.136
1239,0.03675,NA,NA,NA,0.068,NA,NA,0.002,NA
1240,0.0368,NA,NA,NA,0.136,NA,NA,NA,NA
1241,0.31211,0.011,NA,0.098,1.533,NA,NA,NA,0.042
1242,NA,NA,NA,NA,0.005,NA,NA,NA,NA
1243,NA,NA,NA,NA,NA,NA,NA,NA,NA
1254,NA,NA,NA,NA,NA,NA,NA,NA,13.061
1255,0.0104,0.433,NA,NA,0.377,NA,NA,NA,3.01
1256,0.00561,NA,NA,NA,0.196,NA,NA,NA,NA
1257,NA,NA,NA,NA,0.412,NA,NA,NA,NA
1258,0.13427,0.017,NA,0.052,0.596,NA,NA,NA,0.016
1259,NA,NA,NA,NA,NA,NA,NA,NA,NA
1270,NA,NA,NA,NA,NA,NA,NA,NA,NA
1271,0.23539,1.141,NA,NA,0.006,NA,NA,NA,3.421
1272,0.07825,NA,NA,NA,0.098,NA,NA,NA,NA
1273,NA,NA,NA,NA,NA,NA,NA,NA,NA
1274,NA,0.003,NA,NA,0.049,NA,NA,NA,NA
1275,NA,NA,NA,NA,NA,NA,NA,NA,NA
1276,NA,NA,NA,NA,0.01,NA,NA,NA,NA
1286,NA,0.013,NA,NA,0.055,NA,NA,NA,NA
1287,0.0036,NA,NA,NA,0.026,NA,NA,NA,NA
1288,NA,NA,NA,NA,NA,NA,NA,NA,NA
1289,NA,NA,NA,NA,NA,NA,NA,NA,NA
1297,NA,NA,NA,NA,NA,NA,NA,NA,0.083
1298,NA,NA,NA,NA,0.01,NA,NA,NA,0.005
1299,NA,NA,NA,NA,NA,NA,NA,NA,NA
1300,NA,NA,NA,NA,NA,NA,NA,NA,NA
1301,NA,NA,NA,NA,NA,NA,NA,NA,NA
1308,NA,NA,NA,NA,NA,NA,NA,NA,0.018
1309,NA,NA,NA,NA,NA,NA,NA,NA,NA
1316,NA,NA,NA,NA,NA,NA,NA,NA,0.16
1317,NA,NA,NA,NA,NA,NA,NA,NA,NA
1323,NA,NA,NA,NA,NA,NA,NA,NA,NA
1326,NA,NA,NA,NA,NA,NA,NA,NA,NA
1327,0.00804,NA,NA,NA,NA,NA,NA,NA,NA
1330,NA,NA,NA,NA,NA,NA,NA,NA,NA
1,NA,NA,NA,NA,NA,NA,NA,NA,NA
2,1.80381,NA,1.119,1.68,0.628,0.267,NA,NA,NA
3,8.70098,NA,7.225,21.599,9.917,0.925,NA,NA,NA
4,NA,NA,NA,NA,NA,NA,NA,NA,NA
5,2.19619,NA,1.646,1.456,0.932,0.066,NA,NA,NA
6,6.62425,0.014,7.521,17.867,7.647,0.363,NA,NA,NA
7,NA,NA,0.013,NA,NA,NA,NA,NA,NA
8,20.79448,NA,18.704,23.274,8.046,3.337,NA,0.001,NA
9,25.17635,0.009,18.783,56.435,16.667,1.078,NA,NA,NA
10,31.05293,0.226,35.549,19.972,13.204,6.1,0.218,0.069,NA
11,18.5806,NA,9.805,17.539,8.537,3.182,0.002,NA,NA
12,14.94783,0.054,18.757,39.924,16.674,1.822,NA,0.002,NA
13,1.12179,NA,0.367,0.055,0.127,0.149,0.053,NA,NA
14,44.53146,NA,38.386,41.271,21.336,6.035,0.017,NA,NA
15,34.61763,0.104,34.196,46.128,23.82,4.194,NA,NA,NA
16,21.83171,NA,27.969,21.483,10.968,5.288,0.116,0.217,NA
17,40.63517,0.077,32.307,28.332,18.03,6.63,NA,NA,NA
18,11.4708,0.417,19.49,21.633,17.9,0.901,NA,0.572,NA
19,6.73114,0.022,5.982,4.257,3.423,1.494,0.241,0.027,NA
20,39.769490000000005,0.337,35.841,40.692,20.326,8.550999999999998,NA,NA,NA
21,29.8386,NA,22.547,38.372,22.71,5.344,NA,NA,NA
22,NA,NA,0.001,0.002,NA,NA,NA,0.006,NA
23,NA,NA,NA,NA,NA,NA,NA,NA,NA
24,30.90216,0.113,34.647,38.251,15.34,7.859999999999999,NA,0.03,NA
24,30.90216,0.011,34.647,38.251,15.34,7.859999999999999,NA,0.03,NA
25,47.46754,0.26,23.597,36.592,17.958,13.484,NA,NA,NA
26,12.56436,0.053,6.181,28.022,18.346,0.8,NA,0.189,NA
27,23.24281,0.012,17.283,18.157,6.015,6.556,0.128,NA,NA
27,23.24281,0.067,17.283,18.157,6.015,6.556,0.128,NA,NA
28,34.2935,0.11,15.902,34.494,16.981,10.834,NA,NA,NA
28,34.2935,0.204,15.902,34.494,16.981,10.834,NA,NA,NA
29,25.16231,NA,4.387,54.934,19.234,5.122,NA,NA,NA
30,0.53577,NA,0.553,0.812,0.272,0.198,NA,NA,NA
31,0.15259,NA,0.036,1.126,0.577,NA,0.011,NA,NA
32,0.93787,NA,0.86,0.638,0.349,0.3,0.302,0.062,NA
33,28.42371,0.212,25.77,39.97,13.203,7.025,NA,0.028,NA
34,40.81489,0.135,11.088,39.977999999999994,20.374,10.424,NA,NA,NA
35,35.66497,0.055,14.803,52.742,14.697,4.857,0.001,0.033,NA
36,0.22855,NA,NA,0.612,0.305,NA,NA,NA,NA
37,23.2213,0.131,27.956,22.955,6.5,6.451,NA,0.1,NA
38,32.19582,0.038,12.435,35.614999999999995,13.532,7.751,NA,0.068,NA
38,32.19582,0.028,12.435,35.614999999999995,13.532,7.751,NA,0.068,NA
39,31.95284,NA,5.591,53.65,22.593,5.402,NA,0.01,NA
40,8.80273,0.049,6.878,6.617,6.364,0.686,NA,0.007,NA
41,0.05773,NA,NA,0.748,0.129,NA,NA,NA,NA
42,13.22128,0.031,7.14,21.949,2.468,1.513,NA,NA,NA
43,45.57795,0.035,47.682,30.451,15.706,8.481,NA,0.208,NA
44,50.98927,0.061,12.019,49.532,28.466,12.036,NA,NA,NA
45,59.44671,0.165,32.892,44.741,22.899,9.35,0.002,0.023,NA
46,1.77833,0.022,0.46,0.98,0.98,1.044,NA,NA,NA
47,38.49843,0.067,34.934,38.096,12.233,5.363,NA,NA,NA
48,79.85734,0.116,31.961,39.169,18.177,10.926,NA,NA,NA
49,65.98043,0.201,20.462,55.998,23.499,12.657,NA,NA,NA
50,1.39965,NA,2.103,1.527,2.736,0.213,NA,NA,NA
55,14.18646,NA,5.287,8.878,5.825,1.957,NA,NA,NA
67,0.00829,NA,0.018,NA,0.048,0.017,NA,NA,NA
81,0.28306,NA,NA,0.416,0.068,NA,NA,NA,NA
752,19.38153,0.037,0.8640000000000001,4.681,7.989,7.424999999999999,0.8400000000000001,NA,NA
799,102.16313,1.162,36.501000000000005,4.132,10.803,29.627,14.111,11.776,0.791
822,57.73583,0.027,63.683,3.793,9.871,17.336,3.694,2.635,3.338
823,22.152749999999997,0.069,16.392,4.354,9.76,11.093,1.057,NA,NA
824,29.53734,0.159,3.624,3.683,17.52,14.85,4.935,NA,NA
843,27.0069,0.071,21.4,5.82,7.156,7.295,2.726,0.266,0.002
844,29.24164,NA,17.973,5.159,9.09,16.907,1.843,NA,NA
845,35.3183,0.02,11.499,6.221,14.582,20.433,4.642,NA,NA
846,42.4804,0.074,2.042,1.949,29.863,21.288,5.607,NA,NA
864,27.16647,0.576,12.496,6.098,6.178,3.123,2.08,0.107,0.006
865,21.66568,NA,18.681,7.646,8.142,8.842,0.717,NA,0.001
866,39.69366,NA,5.221,3.065,19.694,24.925,2.082,NA,NA
884,6.30985,0.015,0.30400000000000005,5.1930000000000005,1.266,0.701,0.116,0,0.15
885,25.6718,0.053,9.058,8.286999999999999,10.258,7.811,NA,NA,0.001
886,5.9841,NA,2.288,3.487,2.884,2.652,0.46,NA,NA
887,7.28501,NA,0.106,3.3,4.506,1.437,0.225,NA,NA
905,19.469579999999997,0.06,2.552,8.796,5.95,5.774,NA,NA,0.002
905,19.469579999999997,0.097,2.552,8.796,5.95,5.774,NA,NA,0.002
906,9.55266,0.079,0.237,7.523,6.744999999999999,1.369,NA,NA,0.001
907,0.90139,NA,0.15,1.354,0.242,NA,NA,NA,NA
924,8.81646,0.025,0.131,7.676,3.216,0.127,NA,0,0.08
925,8.18904,0.211,0.44,7.018000000000001,3.209,1.166,NA,NA,NA
926,5.07345,0.015,0.284,4.959,2.507,0.015,NA,NA,NA
927,1.10525,0.011,NA,1.936,1.026,1.095,NA,NA,NA
944,4.10986,0.035,0.187,4.653,1.775,0.489,NA,NA,0.008
945,6.31003,0.049,0.142,4.476,3.822,0.823,NA,NA,NA
946,5.62372,0.007,NA,4.348,3.795,1.9,NA,NA,NA
946,5.62372,0.048,NA,4.348,3.795,1.9,NA,NA,NA
963,2.6624,0.008,0.119,10.093,0.835,0.004,NA,NA,0.163
964,2.43484,0.083,NA,4.002,2.31,0.309,NA,NA,NA
965,3.39074,NA,0.016,1.691,2.187,0.534,0.044,NA,0.01
966,22.68717,NA,0.342,5.321,19.252,9.633,0.882,NA,NA
982,1.33651,0.015,0.063,9.262,2.526,0.04,NA,NA,2.967
982,1.33651,0.092,0.063,9.262,2.526,0.04,NA,NA,2.967
983,11.14366,0.077,0.361,4.931,6.324,6.556,0.056,NA,7.955
984,19.40574,NA,0.079,2.726,16.256,10.016,NA,NA,0.261
1001,17.7452,0.011,15.948,2.867,5.221,6.867,0.628,NA,41.53
1001,17.7452,0.027,15.948,2.867,5.221,6.867,0.628,NA,41.53
1002,17.87067,0.312,3.785,4.721,9.458,6.894,0.175,NA,11.495
1003,34.00566,0.018,5.789,2.093,13.82,16.968,0.902,NA,11.526
1003,34.00566,0.08,5.789,2.093,13.82,16.968,0.902,NA,11.526
1004,26.55189,NA,NA,0.629,22.529,16.826,0.411,NA,0.089
1021,24.85471,0.057,34.764,6.324,8.024000000000001,6.51,0.493,0.001,21.015
1022,36.80696,NA,25.478,6.768,14.583,18.188,1.406,NA,0.35
1023,50.9921,0.021,6.55,2.055,24.974,26.043,0.952,NA,12.308000000000002
1040,51.73427,0.339,63.374,18.183,16.964,14.677,1.797,NA,0.002
1041,34.43999,0.012,46.866,17.791,11.348,10.031,0.8009999999999999,NA,2.987
1042,63.935959999999994,0.016,44.314,6.515000000000001,20.146,24.752,2.525,NA,0.012
1042,63.935959999999994,0.651,44.314,6.515000000000001,20.146,24.752,2.525,NA,0.012
1043,59.76346,NA,3.112,0.555,34.479,28.276,2.276,0.002,4.52
1059,44.32933,0.586,52.7,19.136,11.722,6.232,0.95,NA,NA
1060,49.19223,0.224,39.315,11.167,13.772,22.19,0.768,NA,0.001
1061,74.73305,0.092,32.255,4.263,21.343,34.367,2.893,NA,0.004
1077,20.79395,0.097,30.43,7.42,6.2,6.012,2.462,NA,0.276
1078,30.61302,0.02,35.33,13.653,10.442,7.546,0.415,NA,0.033
1078,30.61302,0.027,35.33,13.653,10.442,7.546,0.415,NA,0.033
1079,63.82243,0.13,34.85,10.75,17.422,23.509,1.59,NA,NA
1080,62.03773,NA,5.263,5.218,25.58,25.639,0.821,0.003,NA
1097,8.76971,0.024,10.581,3.114,6.747,1.352,0.072,NA,NA
1098,25.53621,0.075,24.298,2.9850000000000003,7.384,10.78,0.798,NA,1.47
1099,43.355070000000005,0.02,18.248,4.851,18.423,19.445,0.677,NA,0.001
1115,1.07814,0.016,0.36,0.484,1.153,0.007,NA,NA,0.033
1116,3.58738,NA,1.409,0.903,6.561,0.666,NA,NA,NA
1117,18.06914,0.183,13.719,1.404,9.802,5.153,0.476,NA,4.373
1118,45.70254,0.175,20.481,13.444,15.039,21.152,0.832,NA,0.223
1134,NA,NA,0.182,0.466,0.125,NA,NA,NA,NA
1135,2.40559,NA,0.75,0.723,5.801,0.139,0.006,NA,0.019
1136,14.44036,0.035,9.214,2.086,9.111,2.38,0.819,NA,0.852
1136,14.44036,0.092,9.214,2.086,9.111,2.38,0.819,NA,0.852
1152,12.9926,0.021,4.952999999999999,5.901,3.807,1.612,0.493,NA,0.095
1153,0.06284,NA,0.021,NA,0.108,NA,NA,NA,NA
1154,1.73186,0.04,0.385,1.034,3.937,0.042,NA,NA,0.15
1154,1.73186,0.021,0.385,1.034,3.937,0.042,NA,NA,0.15
1155,16.44934,0.105,9.547,8.414,4.643,3.48,0.24,NA,NA
1171,11.24403,0.105,2.614,5.467,2.119,1.16,0.222,NA,0.002
1172,0.18621,NA,0.03,0.026,0.641,NA,NA,NA,NA
1173,2.97022,0.046,0.457,0.985,6.058000000000001,0.342,NA,NA,NA
1189,7.13712,0.107,4.259,2.852,2.948,0.806,NA,0.022,0.01
1190,NA,NA,NA,NA,NA,NA,NA,NA,NA
1191,0.05717,NA,NA,NA,0.126,0.038,NA,NA,NA
1192,6.53436,0.101,1.226,3.524,13.292,1.901,NA,NA,NA
1208,9.25377,0.055,5.028,0.805,3.054,1.065,0.095,NA,0.246
1209,NA,NA,NA,NA,NA,NA,NA,NA,NA
1210,0.18182,NA,0.046,0.039,1.743,NA,NA,0,NA
1227,1.97529,0.053,1.564,0.169,0.743,0.13,0.043,NA,NA
1228,0.13632,NA,0.063,NA,0.143,NA,NA,NA,0.017
1229,NA,NA,0.02,NA,NA,NA,NA,NA,NA
1230,0.96393,0.07,0.442,0.516,6.769,0.042,NA,NA,NA
1246,0.20955,0.047,0.423,0.205,0.491,0.043,0.019,NA,0.002
1247,NA,NA,NA,NA,0.028,NA,NA,NA,NA
1262,NA,NA,0.016,NA,NA,NA,NA,NA,NA
1263,NA,NA,0.01,NA,NA,NA,NA,NA,NA
1264,NA,0.045,0.02,0.05,0.211,NA,NA,NA,NA
1279,NA,NA,NA,NA,NA,NA,NA,NA,NA
1291,NA,NA,NA,NA,NA,NA,NA,NA,NA
331,NA,NA,NA,NA,NA,NA,NA,NA,NA
372,NA,NA,NA,NA,NA,NA,NA,NA,NA
455,NA,NA,NA,NA,NA,NA,NA,NA,NA
497,NA,NA,NA,NA,NA,NA,NA,NA,NA
519,NA,NA,NA,NA,NA,NA,NA,NA,NA
543,NA,NA,NA,NA,NA,NA,NA,NA,NA
567,0.49467,0.016,NA,0.431,0.383,NA,NA,NA,0.001
592,NA,NA,NA,NA,NA,NA,NA,NA,NA
593,0.1363,0.019,NA,NA,0.056,NA,NA,NA,NA
617,0.00228,0,NA,NA,NA,NA,NA,NA,NA
642,NA,NA,0.073,NA,NA,NA,NA,NA,0.104
666,NA,NA,NA,NA,NA,NA,NA,NA,NA
691,NA,NA,NA,NA,NA,NA,NA,NA,NA
692,NA,NA,NA,NA,0.018,NA,0.012,NA,10.986
717,NA,NA,0.064,NA,NA,NA,0.042,NA,1.537
718,0.05262,NA,NA,NA,NA,NA,0.021,NA,66.983
719,3.71248,2.997,NA,NA,1.911,0.007,0.127,NA,92.958
720,0.07248,NA,0.001,0.115,0.22,NA,NA,NA,0.107
721,8.48947,0.064,0.34,1.794,23.135,0.362,0.239,NA,0.062
722,10.10005,0.125,0.541,12.418,13.052,1.852,0.091,NA,NA
723,2.56966,0.064,0.364,2.72,2.732,NA,0.023,NA,0.158
724,2.53127,0.011,NA,1.737,0.253,NA,NA,NA,NA
742,0.16542,3.904,NA,NA,0.66,NA,0.049,NA,38.06
743,0.08428,NA,NA,NA,0.026,NA,NA,NA,34.219
744,1.71742,5.748,0.223,NA,0.976,0.118,0.37,NA,103.085
744,1.71742,4.477,0.223,NA,0.976,0.118,0.37,NA,103.085
745,0.6691,0.006,0.043,0.588,5.112,NA,0.01,NA,0.025
745,0.6691,0.084,0.043,0.588,5.112,NA,0.01,NA,0.025
746,8.47971,0.057,0.065,0.575,15.574,0.097,0.028,NA,0.16
747,9.05661,0.244,0.021,3.306,10.811,0.544,NA,NA,0.004
748,0.22412,NA,NA,0.279,0.084,NA,NA,NA,NA
749,3.21539,0.046,NA,2.526,0.575,NA,NA,NA,NA
766,NA,NA,NA,NA,NA,NA,NA,NA,7.003
767,0.38105,0.659,0.214,NA,0.017,NA,NA,NA,7.318
768,1.45708,8.563,0.14,NA,0.501,NA,0.81,NA,43.904
769,0.59896,2.202,0.03,NA,0.578,NA,0.058,NA,56.93
770,5.55502,0.01,0.001,0.331,12.816,0.128,0.028,NA,NA
771,8.59992,NA,NA,1.912,13.075,0.424,NA,NA,0.46
772,0.03118,NA,0.007,NA,0.181,NA,NA,NA,NA
773,3.00473,0.03,NA,1.829,0.322,NA,NA,NA,NA
773,3.00473,0.023,NA,1.829,0.322,NA,NA,NA,NA
790,NA,NA,NA,NA,NA,NA,NA,NA,NA
791,10.16386,0.343,1.202,NA,2.476,0.344,1.864,NA,104.963
791,10.16386,21.328,1.202,NA,2.476,0.344,1.864,NA,104.963
792,0.78953,0.675,0.116,0.121,0.69,NA,0.108,NA,7.074
793,3.27078,NA,NA,0.034,7.978,NA,NA,NA,NA
794,4.70601,0.136,0.002,0.8220000000000001,11.274,0.02,0.041,NA,NA
795,0.0979,0.029,0.001,NA,0.206,NA,NA,NA,NA
796,6.11844,NA,NA,6.909000000000001,1.75,0.092,NA,NA,NA
813,NA,NA,NA,NA,0.04,NA,NA,NA,0.08
814,1.34551,9.751,0.529,NA,0.689,0.061,0.283,NA,107.316
815,2.06947,NA,NA,0.091,4.673,NA,NA,NA,1.222
816,1.64348,0.01,NA,NA,6.126,NA,0.034,NA,NA
816,1.64348,0.036,NA,NA,6.126,NA,0.034,NA,NA
817,3.16608,0.064,NA,0.904,4.853,0.173,NA,NA,NA
818,0.83427,0.004,0.001,0.473,0.294,0.002,NA,NA,NA
835,1.85873,16.36,0.707,NA,0.653,0.046,0.87,NA,63.426
836,1.13464,1.954,0.505,NA,0.66,0.036,0.191,NA,46.225
837,0.30526,NA,0.008,NA,1.016,NA,NA,NA,NA
838,3.3555,0.095,0.049,0.301,5.521,NA,NA,NA,0.108
839,0.00892,NA,NA,NA,0.809,NA,NA,NA,NA
840,17.58975,0.142,0.003,12.726,6.375,1.271,0.601,NA,0.008
856,0.78247,7.102,0.466,NA,0.409,0.131,0.33,NA,48.333
857,0.08135,0.175,NA,NA,0.466,NA,NA,NA,1.997
858,0.14837,0.021,NA,0.067,1.088,NA,0.001,NA,NA
859,1.79335,0.062,NA,0.1,2.799,NA,NA,NA,NA
860,8.15341,0.009,NA,2.696,5.021,0.7,NA,NA,NA
876,NA,NA,NA,NA,NA,NA,NA,NA,0.427
877,0.19502,2.945,0.005,NA,1.024,0.106,0.112,NA,16.115
878,0.12144,0.037,0.007,NA,0.169,NA,0.007,NA,1.707
879,0.13705,0.028,NA,NA,0.33,NA,NA,NA,NA
880,7.0659,0.03,0.021,3.057,5.752,0.812,NA,NA,NA
880,7.0659,0.052,0.021,3.057,5.752,0.812,NA,NA,NA
881,25.96151,0.157,0.035,17.523,13.268,1.382,NA,NA,NA
897,0.17601,4.307,NA,NA,0.173,NA,NA,NA,5.337
898,0.40716,2.711,0.082,NA,1.222,NA,0.416,NA,32.462
899,NA,0.072,NA,NA,NA,NA,0.142,NA,NA
900,0.08037,NA,NA,NA,0.15,NA,NA,NA,0.001
901,20.11196,0.042,0.004,6.573,10.408,1.309,NA,0,NA
917,0.97526,28.648,0.834,NA,1.1,0.234,1.641,NA,44.691
918,3.66204,11.445,0.085,NA,4.847,NA,3.863,NA,45.671
919,0.45115,0.07,0.207,NA,0.426,NA,0.054,NA,4.028
920,0.27725,NA,NA,0.002,0.312,NA,NA,NA,0.004
921,4.71052,0.041,0.07,7.906,2.987,0.122,NA,NA,NA
725,0.13504,NA,NA,0.052,NA,NA,NA,NA,NA
726,NA,0.051,NA,0.29,NA,NA,NA,NA,NA
727,9.51653,NA,0.032,5.871,3.93,1.453,0.195,NA,NA
750,NA,NA,NA,NA,0.142,NA,NA,NA,NA
751,1.12642,0.007,0.164,1.416,0.419,0.032,NA,NA,0.029
774,2.3405,NA,0.248,1.311,0.897,0.1,NA,NA,0.028
775,42.20687,0.104,9.08,0.959,4.953,5.385,7.242,1.616,1.133
776,55.15101,0.266,21.363,1.849,5.778,7.257,7.242,4.566,0.103
797,65.70484,0.15,13.131,6.896999999999999,12.169,4.494,12.683,2.577,0.602
798,94.1765,0.037,67.207,1.181,3.612,4.69,15.371,18.7,0.893
819,29.39296,0.13,0.47,19.149,11.622,3.203,3.039,NA,0.021
820,39.95877,0.269,9.769,6.455,5.368,2.452,7.075,1.368,0.491
821,88.91946,0.087,59.914,3.2129999999999996,5.714,7.327999999999999,10.04,10.585,0.054
821,88.91946,0.141,59.914,3.2129999999999996,5.714,7.327999999999999,10.04,10.585,0.054
841,3.09719,0.012,0.01999999999999999,2.857,1.128,0.7030000000000001,NA,NA,NA
842,9.16409,0.005,4.273,4.901,2.22,0.831,1.58,0.586,0.032
861,2.43421,0.033,0.001,2.779,1.502,0.293,0.071,NA,NA
862,0.7937,0.032,0.055,3.844,0.402,NA,NA,NA,0.001
863,0.86478,NA,0.137,2.976,0.375,NA,NA,NA,NA
882,5.31525,0.031,0.049,6.478000000000001,0.967,0.375,NA,NA,NA
883,1.23691,0.069,0.035,6.918,1.1709999999999998,0.008,NA,NA,NA
883,1.23691,0.005,0.035,6.918,1.1709999999999998,0.008,NA,NA,NA
902,5.54415,0.109,0.01,10.696,5.097,0.149,0.011,NA,NA
903,5.11101,0.04,0.238,7.286,2.713,0.058,0.221,NA,0.803
904,4.47818,0.04,0.159,5.236,4.164,0.102,NA,0.001,1.545
922,7.66725,0.041,1.044,9.448,4.823,0.45,0.197,0.003,0.12
923,14.94028,0.21,4.309,20.353,7.712,0.24,0.983,0.001,0.295
941,4.63572,0.194,0.018,12.19,2.377,0.051,NA,0.001,NA
942,31.25494,0.288,15.182,27.443,14.139,1.892,2.146,NA,0.005
943,5.35835,0.096,0.03,17.083,5.309,NA,NA,NA,0.006
943,5.35835,0.092,0.03,17.083,5.309,NA,NA,NA,0.006
961,5.24571,0.298,0.091,7.586,5.084,NA,NA,NA,0.003
962,8.15658,0.019,0.313,23.622,5.462999999999999,0.157,NA,0,0.743
962,8.15658,0.33,0.313,23.622,5.462999999999999,0.157,NA,0,0.743
980,12.30379,0.015,0.5599999999999999,31.836,14.056,0.918,NA,NA,0.097
980,12.30379,0.338,0.5599999999999999,31.836,14.056,0.918,NA,NA,0.097
981,2.5211,0.092,0.866,3.647,1.947,0.511,0.019,NA,35.829
999,11.27842,0.233,3.444,5.164,8.413,3.543,1.623,NA,2.7769999999999997
999,11.27842,0.165,3.444,5.164,8.413,3.543,1.623,NA,2.7769999999999997
1000,8.76659,0.689,4.368,5.443,4.889,2.09,0.449,NA,11.881
1019,23.91892,0.08,19.809,2.02,9.523,8.148,2.513,0,1.138
1019,23.91892,0.132,19.809,2.02,9.523,8.148,2.513,0,1.138
1020,63.69937,0.074,85.68199999999999,3.569,7.63,18.704,4.294,0.228,2.031
1038,42.08072,0.52,25.83,4.638999999999999,8.664,16.763,9.267,NA,0.348
1039,45.50476,1.127,54.037,0.8480000000000001,10.153,18.347,4.777,0.776,0.002
1039,45.50476,0.063,54.037,0.8480000000000001,10.153,18.347,4.777,0.776,0.002
1039,45.50476,0.278,54.037,0.8480000000000001,10.153,18.347,4.777,0.776,0.002
1057,45.07036,0.121,45.959999999999994,5.218,18.246,21.261,7.324999999999999,NA,0.023
1057,45.07036,0.049,45.959999999999994,5.218,18.246,21.261,7.324999999999999,NA,0.023
1058,49.79989,0.545,53.533,5.273,10.324,19.625,6.39,NA,0.003
1075,46.82033,0.563,39.474,12.939,17.092,21.84,10.656,NA,0.025
1076,29.76209,0.941,68.33,4.092,9.569,12.316,4.302,NA,0.027
1076,29.76209,0.453,68.33,4.092,9.569,12.316,4.302,NA,0.027
1095,25.0609,0.355,37.089,13.058,10.68,9.709,3.18,NA,0.289
1096,11.05155,0.3,13.889,0.668,4.698,5.186,1.203,NA,0.919
1113,17.10013,0.181,11.793,19.9,6.611,4.492,1.668,0.006,0.03
1114,5.57748,0.114,18.687,1.756,2.8209999999999997,2.186,0.533,NA,1.118
1132,7.81238,0.047,26.542,6.7620000000000005,2.905,1.984,0.466,0.005,0.22
1132,7.81238,0.159,26.542,6.7620000000000005,2.905,1.984,0.466,0.005,0.22
1133,6.7578,0.036,4.207,3.965,4.772,1.789,0.238,NA,0.732
1133,6.7578,0.071,4.207,3.965,4.772,1.789,0.238,NA,0.732
1150,0.76103,0.03,2.879,1.5790000000000002,0.5660000000000001,0.065,0.043,NA,1.268
1151,3.59703,0.048,16.564,1.159,2.565,0.7210000000000001,0.12,0.009,3.465
1151,3.59703,0.093,16.564,1.159,2.565,0.7210000000000001,0.12,0.009,3.465
1169,1.67793,0.015,5.404,0.784,0.81,0.562,0.052,NA,4.561
1170,9.97388,0.129,16.876,1.936,8.537,2.152,0.108,NA,0.187
1187,3.09927,0.063,10.809,0.92,0.65,0.49,NA,NA,0.891
1187,3.09927,0.113,10.809,0.92,0.65,0.49,NA,NA,0.891
1188,0.49825,0.043,1.584,0.64,1.564,0.049,NA,NA,NA
1206,0.98123,0.069,10.263,0.802,0.785,0.283,0.075,NA,1.022
1207,0.176,NA,0.865,0.143,0.445,NA,NA,NA,0.032
1225,0.02243,NA,0.002,NA,0.083,NA,NA,NA,NA
1226,0.00648,0.011,0.096,0.016,0.102,NA,NA,NA,NA
1244,NA,NA,NA,NA,NA,NA,NA,NA,0.001
1245,0.16785,NA,0.178,NA,0.248,NA,NA,NA,NA
1260,NA,NA,NA,NA,NA,NA,NA,NA,NA
1261,NA,NA,NA,NA,NA,NA,NA,NA,NA
1277,NA,NA,NA,NA,NA,NA,NA,NA,NA
1278,NA,NA,NA,NA,NA,NA,NA,NA,NA
1290,NA,NA,NA,NA,NA,NA,NA,NA,NA
1310,NA,NA,NA,NA,NA,NA,NA,NA,NA
