hex_id,year,organic_soft_wheat_area_km2,organic_hard_wheat_area_km2,organic_corn_grain_area_km2,organic_corn_silage_area_km2,organic_barley_area_km2,organic_rapeseed_area_km2,organic_sunflower_area_km2,organic_sugarbeet_area_km2,organic_vineyards_area_km2
1332,2019,NA,NA,NA,NA,NA,NA,NA,NA,NA
1333,2019,NA,NA,NA,NA,NA,NA,NA,NA,NA
1334,2019,NA,NA,NA,NA,NA,NA,NA,NA,NA
1335,2019,NA,NA,NA,NA,NA,NA,NA,NA,NA
1336,2019,NA,NA,NA,NA,NA,NA,NA,NA,NA
1337,2019,NA,NA,NA,NA,0.021,NA,NA,NA,0.032
1338,2019,NA,NA,NA,NA,NA,NA,NA,NA,NA
1339,2019,NA,NA,NA,NA,NA,NA,NA,NA,1.386
1340,2019,NA,NA,NA,NA,NA,NA,NA,NA,0.239
1341,2019,NA,NA,NA,NA,NA,NA,NA,NA,1.106
1342,2019,NA,NA,NA,NA,NA,NA,NA,NA,NA
1343,2019,NA,NA,NA,NA,NA,NA,NA,NA,1.191
1344,2019,NA,NA,NA,NA,NA,NA,NA,NA,NA
1345,2019,NA,NA,NA,NA,0.054,NA,NA,NA,0.406
1346,2019,NA,NA,NA,NA,NA,NA,NA,NA,NA
1347,2019,NA,NA,NA,NA,NA,NA,NA,NA,NA
1348,2019,NA,NA,NA,NA,NA,NA,NA,NA,NA
1349,2019,NA,NA,NA,NA,0.004,NA,NA,NA,1.429
1350,2019,NA,NA,NA,NA,NA,NA,NA,NA,NA
1351,2019,NA,NA,NA,NA,NA,NA,NA,NA,NA
1352,2019,NA,NA,NA,NA,NA,NA,NA,NA,1.073
1353,2019,NA,NA,NA,NA,NA,NA,NA,NA,NA
1354,2019,NA,NA,NA,NA,NA,NA,NA,NA,0.19
1355,2019,NA,NA,NA,NA,NA,NA,NA,NA,0.611
1356,2019,NA,NA,NA,NA,NA,NA,NA,NA,NA
1357,2019,NA,NA,NA,NA,NA,NA,NA,NA,0.773
1358,2019,NA,NA,NA,NA,NA,NA,NA,NA,1.738
1359,2019,NA,NA,NA,NA,NA,NA,NA,NA,NA
1360,2019,NA,NA,NA,NA,NA,NA,NA,NA,NA
1361,2019,NA,NA,0.125,NA,0.024,NA,NA,NA,0.551
1362,2019,0.019,NA,NA,NA,NA,NA,NA,NA,0.7
1363,2019,NA,NA,NA,NA,NA,NA,NA,NA,0.041
1364,2019,NA,NA,NA,NA,NA,NA,NA,NA,0.006
1365,2019,NA,NA,NA,NA,NA,NA,NA,NA,0.66
1366,2019,NA,NA,0.017,NA,NA,NA,NA,NA,NA
1367,2019,NA,NA,NA,NA,NA,NA,NA,NA,NA
513,2019,0.227,NA,0.314,NA,0.409,0.069,0.034,NA,NA
514,2019,4.323,NA,2.066,NA,1.162,0.274,0.083,0.15,NA
515,2019,1.35,NA,0.158,NA,0.945,0.361,NA,NA,NA
535,2019,2.395,0.197,3.117,NA,0.877,0.343,0.021,0.293,NA
536,2019,0.697,0.073,0.614,0.006,0.482,0.107,0.122,0.06,NA
537,2019,4.335,NA,1.341,NA,1.601,1.47,NA,0.321,NA
538,2019,3.192,NA,0.245,0.14,0.749,0.155,0.033,0.192,NA
559,2019,1.969,0.025,0.593,NA,0.501,0.429,NA,0.001,NA
560,2019,1.929,0.1,0.842,0.382,0.638,0.385,NA,NA,NA
561,2019,2.865,NA,1.229,NA,1.887,NA,NA,NA,NA
583,2019,1.396,0.307,1.619,NA,0.44,0.103,NA,0.198,NA
584,2019,4.134,0.266,0.524,NA,1.45,0.185,NA,0.164,NA
585,2019,1.278,NA,0.639,NA,0.262,0.208,NA,NA,0.099
586,2019,1.17,NA,0.264,0.086,0.867,0.364,NA,NA,NA
609,2019,2.89,0.179,1.815,NA,2.558,0.357,NA,0.15,NA
610,2019,6.417,NA,1.803,NA,1.306,0.802,NA,0.221,NA
611,2019,0.158,NA,NA,NA,0.271,NA,NA,NA,NA
633,2019,0.669,0.06,0.24,NA,0.511,NA,NA,0.003,NA
634,2019,3.62,0.075,0.733,NA,2.897,0.118,0.43,0.815,NA
635,2019,1.232,NA,0.837,NA,0.75,0.13,0.016,0.066,NA
636,2019,0.052,NA,0.118,0.106,0.314,NA,NA,NA,NA
658,2019,4.147,0.023,0.511,NA,6.485,0.14,0.016,0.339,NA
659,2019,1.634,NA,0.393,NA,0.767,0.167,NA,NA,NA
660,2019,NA,NA,NA,NA,NA,NA,NA,NA,NA
682,2019,0.947,NA,0.051,NA,0.09,NA,NA,0.02,NA
683,2019,3.588,NA,0.528,NA,2.186,0.656,NA,0.658,NA
684,2019,NA,NA,NA,NA,NA,NA,NA,NA,NA
685,2019,0.923,NA,1.065,NA,NA,NA,NA,0.033,NA
708,2019,0.602,NA,NA,NA,0.436,NA,NA,0.004,NA
709,2019,0.679,0.048,0.453,NA,0.306,0.224,NA,NA,NA
710,2019,0.41,NA,0.089,NA,0.183,NA,NA,NA,NA
733,2019,1.025,0.356,0.071,NA,1.093,0.245,NA,NA,NA
734,2019,1.411,NA,0.819,NA,1.063,0.007,NA,0.1,NA
735,2019,0.264,NA,NA,NA,0.162,NA,NA,NA,NA
736,2019,0.993,NA,0.886,NA,0.079,0.22,NA,0.089,NA
758,2019,4.284,0.023,0.015,NA,3.365,1.006,0.144,0.731,NA
759,2019,2.071,NA,0.177,NA,0.779,0.143,NA,0.608,NA
760,2019,0.681,NA,NA,NA,NA,NA,NA,0.042,NA
782,2019,2.715,NA,0.564,NA,0.674,0.126,NA,NA,NA
783,2019,2.624,0.097,1.23,NA,2.065,0.069,0.334,0.316,NA
784,2019,4.972,NA,1.624,NA,1.967,0.286,NA,0.511,NA
785,2019,NA,NA,NA,NA,NA,0.227,NA,NA,NA
805,2019,8.418,0.057,0.56,NA,2.384,0.259,1.953,0.136,NA
806,2019,6.359,NA,1.423,NA,1.145,0.147,0.015,0.492,NA
807,2019,0.268,NA,0.086,NA,NA,NA,NA,NA,0.26
827,2019,11.209,0.095,0.313,NA,6.082,0.315,1.918,NA,NA
828,2019,0.565,NA,NA,NA,0.286,NA,NA,0.127,NA
829,2019,2.11,NA,1.275,NA,0.754,0.334,0.152,0.223,NA
830,2019,0.571,NA,0.097,NA,0.218,0.277,NA,NA,NA
849,2019,5.66,NA,0.562,NA,2.887,0.264,1.098,NA,NA
850,2019,0.138,NA,0.082,0.115,0.181,NA,NA,NA,0.029
851,2019,1.239,NA,0.78,NA,0.211,0.004,0.05,NA,0.016
869,2019,3.151,0.036,0.07,NA,1.121,0.046,0.661,NA,NA
870,2019,0.888,NA,0.235,NA,1.361,0.061,NA,0.419,NA
871,2019,0.078,NA,0.073,NA,0.174,NA,0.11,0.029,0.03
872,2019,0.986,NA,0.013,NA,0.126,NA,NA,0.071,0.304
516,2019,0.156,0.099,0.042,NA,0.24,0.043,NA,NA,NA
517,2019,0.323,NA,0.079,NA,0.582,0.1,NA,NA,NA
518,2019,NA,NA,NA,0.031,NA,NA,NA,NA,NA
539,2019,0.199,0.014,0.219,0.267,0.01,NA,NA,0.044,NA
540,2019,0.246,NA,0.125,0.259,0.104,NA,NA,0.03,NA
541,2019,NA,NA,NA,NA,NA,NA,NA,NA,NA
542,2019,NA,NA,NA,NA,NA,NA,NA,NA,NA
562,2019,2.673,NA,0.76,NA,0.758,0.915,NA,NA,NA
563,2019,0.642,NA,0.124,0.312,0.146,0.12,NA,0.049,NA
564,2019,0.127,NA,NA,0.08,0.045,NA,NA,NA,NA
565,2019,0.147,NA,0.236,NA,0.202,0.035,NA,0.02,NA
566,2019,NA,NA,0.152,0.233,NA,NA,NA,NA,NA
587,2019,1.614,NA,0.239,0.249,1.12,0.238,NA,NA,NA
588,2019,0.429,NA,0.082,0.07,0.118,NA,NA,0.144,NA
589,2019,0.019,NA,NA,NA,NA,NA,NA,NA,NA
590,2019,NA,NA,0.17,0.49,0.18,0.123,NA,0.031,NA
591,2019,NA,NA,NA,0.067,NA,NA,NA,NA,NA
612,2019,6.383,NA,2.704,0.091,2.266,0.906,NA,NA,NA
613,2019,1.446,NA,0.352,0.137,0.455,0.547,NA,NA,NA
614,2019,0.716,NA,0.106,NA,0.031,NA,NA,NA,NA
615,2019,0.374,NA,0.269,0.049,0.22,NA,NA,NA,NA
616,2019,0.058,NA,0.055,0.118,0.026,NA,NA,0.042,NA
637,2019,0.589,NA,0.434,NA,0.163,0.05,NA,0.002,NA
638,2019,0.95,NA,0.241,NA,0.226,NA,NA,0.027,NA
639,2019,0.512,0.002,0.156,0.06,0.275,0.106,NA,0.194,NA
640,2019,0.169,NA,NA,0.015,0.029,NA,NA,NA,NA
641,2019,0.243,NA,NA,0.066,NA,NA,NA,0.071,NA
661,2019,1.624,0.002,0.222,0.058,0.079,0.33,NA,0.039,NA
662,2019,0.547,NA,0.158,NA,0.311,0.723,NA,0.288,NA
663,2019,1.523,NA,0.21,NA,NA,0.239,NA,0.01,NA
664,2019,0.44,NA,0.023,NA,0.079,NA,NA,0.104,NA
665,2019,0.057,NA,NA,NA,NA,NA,NA,NA,NA
686,2019,2.192,NA,0.517,NA,0.434,0.489,0.003,0.1,NA
687,2019,0.272,NA,0.151,NA,0.341,0.075,NA,0.034,NA
688,2019,1.617,NA,0.289,0.131,0.251,0.092,NA,0.103,NA
689,2019,0.029,NA,NA,0.033,NA,NA,NA,NA,NA
690,2019,0.038,NA,NA,NA,NA,NA,NA,0.022,NA
711,2019,0.855,NA,0.471,NA,0.117,NA,NA,NA,NA
712,2019,0.353,NA,0.141,NA,0.24,NA,NA,0.198,NA
713,2019,1.065,NA,0.556,0.137,0.083,NA,NA,0.091,NA
714,2019,0.759,NA,0.057,0.124,0.131,NA,NA,NA,NA
715,2019,0.154,NA,0.31,0.171,0.189,NA,NA,0.066,NA
716,2019,NA,NA,NA,NA,NA,NA,NA,NA,NA
737,2019,0.972,NA,0.555,NA,0.359,0.056,NA,0.185,NA
738,2019,1.838,NA,0.037,NA,0.039,0.05,NA,0.384,NA
739,2019,0.466,NA,0.48,NA,0.215,0.043,NA,0.103,NA
740,2019,0.454,NA,0.059,0.14,0.147,NA,NA,0.021,NA
741,2019,NA,NA,NA,NA,NA,NA,NA,NA,NA
761,2019,0.141,NA,NA,NA,0.08,NA,NA,0.002,NA
762,2019,0.571,0.048,0.397,0.025,0.156,0.1,NA,0.073,NA
763,2019,0.624,NA,0.141,NA,0.385,0.199,NA,0.05,NA
764,2019,1.661,NA,0.137,0.026,0.377,0.19,NA,0.104,NA
765,2019,NA,NA,0.048,NA,NA,NA,NA,NA,NA
786,2019,0.298,NA,0.268,NA,0.271,NA,NA,NA,NA
787,2019,0.859,NA,0.098,0.053,0.084,0.215,NA,0.048,NA
788,2019,0.809,NA,0.067,0.013,0.116,0.135,NA,NA,NA
789,2019,0.134,NA,NA,NA,NA,NA,NA,NA,NA
808,2019,0.088,NA,NA,NA,0.127,NA,NA,NA,NA
809,2019,0.266,NA,0.236,0.038,0.023,NA,NA,NA,NA
810,2019,1.866,NA,0.62,0.111,0.263,0.189,NA,0.014,NA
811,2019,0.177,NA,0.175,0.232,0.338,NA,NA,0.088,NA
812,2019,NA,NA,0,NA,NA,NA,NA,NA,NA
831,2019,1.222,NA,0.087,0.12,0.28,0.053,NA,NA,NA
832,2019,0.013,NA,0.091,NA,0.01,0.005,NA,0.019,NA
833,2019,0.468,NA,0.336,0.024,0.129,0.126,NA,0.039,NA
834,2019,NA,NA,NA,NA,NA,NA,NA,NA,NA
852,2019,0.205,NA,NA,NA,0.268,NA,NA,NA,NA
853,2019,0.044,NA,NA,NA,0.093,NA,NA,NA,NA
854,2019,0.323,NA,NA,0.064,NA,NA,NA,NA,NA
855,2019,0.007,NA,NA,NA,NA,NA,NA,0.001,NA
873,2019,0.318,NA,0.822,NA,0.153,0.168,NA,0.282,NA
874,2019,0.02,NA,NA,0.149,0.059,NA,NA,NA,NA
875,2019,0.19,NA,0.111,0.433,NA,NA,NA,NA,NA
892,2019,0.138,NA,0.017,NA,0.168,0.011,NA,NA,0.273
893,2019,1.199,NA,0.213,NA,1.014,NA,NA,0.006,0.009
894,2019,0.447,NA,0.611,NA,0.015,0.365,NA,0.042,NA
895,2019,0.107,NA,0.052,1.702,0.095,NA,NA,NA,NA
896,2019,NA,NA,NA,NA,NA,NA,NA,NA,NA
912,2019,1.008,NA,NA,NA,0.722,NA,NA,0.03,0.225
913,2019,0.494,NA,NA,NA,0.513,NA,0.042,0.186,0.224
914,2019,0.766,NA,0.245,NA,0.062,NA,NA,0.057,NA
915,2019,0.22,NA,0.075,0.827,0.292,0.042,NA,NA,NA
916,2019,0.082,NA,NA,0.385,NA,NA,NA,NA,NA
932,2019,0.146,NA,NA,NA,0.387,NA,NA,NA,0.168
933,2019,1.283,NA,NA,NA,1.725,0.19,0.205,0.369,0.047
934,2019,0.349,NA,0.058,NA,0.122,NA,NA,NA,NA
935,2019,0.029,NA,0.125,0.237,NA,NA,NA,NA,NA
951,2019,0.862,NA,0.055,NA,0.222,0.151,NA,0.247,NA
952,2019,0.739,NA,0.04,NA,0.797,0.04,NA,0.042,0.006
953,2019,1.416,NA,0.358,NA,0.175,0.291,NA,0.343,NA
954,2019,0.151,NA,NA,NA,NA,NA,NA,NA,NA
955,2019,NA,NA,NA,NA,NA,NA,NA,NA,NA
68,2019,0.137,NA,NA,NA,0.008,NA,NA,NA,NA
69,2019,0.031,NA,0.079,0.485,NA,0.055,0.054,NA,NA
74,2019,NA,NA,0.022,NA,NA,NA,NA,NA,NA
75,2019,NA,NA,NA,NA,NA,NA,NA,NA,NA
76,2019,0.893,NA,0.022,0.231,0.612,NA,0.048,NA,NA
82,2019,NA,NA,0.028,0.03,NA,NA,NA,NA,0.001
83,2019,NA,NA,NA,NA,NA,NA,NA,NA,NA
84,2019,NA,NA,NA,NA,NA,NA,NA,NA,NA
85,2019,0.054,NA,0.26,0.775,0.199,NA,0.251,0.036,NA
86,2019,0.5,NA,1.477,1.468,0.477,0.156,0.759,NA,0.257
91,2019,NA,NA,NA,NA,NA,NA,NA,NA,NA
92,2019,NA,NA,0.227,0.108,NA,NA,NA,NA,NA
93,2019,NA,NA,NA,NA,NA,NA,NA,NA,0.118
94,2019,NA,NA,NA,NA,NA,NA,NA,NA,0.012
95,2019,1.196,NA,1.634,0.492,0.224,NA,0.047,NA,0.646
96,2019,0.379,NA,1.155,4.108,0.047,NA,0.477,NA,0.109
104,2019,0,NA,0.114,0.025,0.015,NA,NA,NA,0.897
105,2019,0.025,NA,0.253,NA,NA,0.148,0.236,NA,NA
106,2019,NA,NA,NA,NA,NA,NA,NA,NA,NA
107,2019,NA,NA,NA,NA,NA,NA,NA,NA,NA
109,2019,NA,NA,NA,NA,NA,NA,NA,NA,0.007
110,2019,0.552,0.097,1.178,0.419,0.161,NA,0.362,NA,0.006
111,2019,0.854,0.079,0.748,1.005,0.159,NA,0.121,0.001,0.002
112,2019,0.333,NA,0.496,2.174,0.046,NA,0.112,NA,0.349
119,2019,NA,NA,0.056,NA,NA,NA,NA,NA,0.013
120,2019,0.082,0.011,0.748,0.015,0.096,0.067,0.255,NA,NA
121,2019,NA,NA,NA,NA,NA,NA,NA,NA,NA
122,2019,0.065,NA,0.996,NA,0.14,NA,0.253,NA,NA
123,2019,NA,NA,NA,NA,NA,NA,NA,NA,NA
124,2019,NA,NA,NA,NA,NA,NA,NA,NA,NA
125,2019,NA,NA,NA,NA,NA,NA,NA,NA,NA
126,2019,0.173,NA,NA,NA,0.076,NA,NA,NA,1.975
127,2019,NA,NA,NA,NA,NA,NA,NA,NA,0.841
128,2019,0.071,NA,1.22,0.946,0.032,NA,0.355,NA,0.182
129,2019,0.841,NA,1.807,3.818,0.237,0.016,0.179,NA,0.2
137,2019,NA,NA,NA,NA,NA,NA,NA,NA,NA
138,2019,0.178,NA,0.508,NA,0.07,NA,NA,NA,0.003
139,2019,0.116,NA,0.242,NA,NA,0.034,0.482,NA,NA
140,2019,NA,NA,0.594,NA,0.081,0.097,0.421,NA,NA
141,2019,NA,NA,3.386,NA,NA,NA,NA,NA,NA
142,2019,NA,NA,NA,NA,NA,NA,NA,NA,NA
143,2019,NA,NA,NA,NA,NA,NA,NA,NA,NA
144,2019,NA,NA,NA,NA,NA,NA,NA,NA,NA
145,2019,NA,NA,NA,NA,NA,NA,NA,NA,0.081
146,2019,0.041,NA,0.075,NA,0.017,NA,0.096,NA,0.219
147,2019,1.777,0.186,4.744,0.358,0.321,NA,0.374,NA,1.271
148,2019,0.69,NA,1.395,0.351,0.163,0.047,0.482,NA,0.003
149,2019,0.335,NA,0.184,0.639,0.078,0.063,0.11,NA,7.536
157,2019,NA,NA,0.028,NA,NA,NA,NA,NA,NA
158,2019,0.097,NA,0.526,NA,0.041,0.209,0.155,NA,NA
159,2019,0.224,NA,1.139,NA,NA,0.16,0.427,NA,NA
160,2019,NA,NA,2.386,NA,0.008,NA,0.244,NA,NA
161,2019,NA,NA,7.499,NA,NA,NA,NA,NA,NA
162,2019,0.413,NA,NA,NA,0.109,NA,NA,NA,NA
163,2019,NA,NA,0.365,NA,0.104,NA,NA,NA,0.092
164,2019,0.127,NA,NA,NA,NA,NA,0.119,NA,0.141
165,2019,0.029,NA,0.032,NA,0.074,NA,0.065,NA,NA
166,2019,1.757,0.214,1.262,0.278,0.354,NA,0.822,NA,NA
167,2019,2.987,0.071,8.908,1.726,0.274,0.212,1.304,NA,0.276
168,2019,0.848,NA,1.745,1.384,0.091,0.139,0.323,NA,NA
176,2019,NA,NA,NA,NA,NA,NA,NA,NA,NA
177,2019,0.114,NA,0.901,NA,NA,0.324,0.162,NA,0.053
178,2019,0.096,NA,1.954,NA,0.128,0.392,0.343,0.001,NA
179,2019,NA,NA,0.905,NA,NA,0.05,0.052,NA,0.001
180,2019,0.209,NA,4.871,NA,0.367,NA,0.341,NA,NA
181,2019,NA,NA,0.762,NA,NA,NA,NA,NA,NA
182,2019,NA,NA,NA,NA,0.045,NA,NA,NA,1.4
183,2019,0.17,0.385,0.163,NA,0.11,0.041,0.139,NA,0.743
184,2019,0.54,NA,0.382,0.328,0.08,NA,0.178,0.005,0.139
185,2019,2.21,0.031,1.506,0.929,0.488,NA,1.123,NA,NA
186,2019,6.301,1.36,16.782,0.503,0.907,NA,3.6,0.27,0.018
187,2019,1.93,NA,4.475,1.038,0.526,0.071,0.674,NA,0.001
188,2019,0.421,NA,1.189,0.807,0.21,0.012,0.459,0.016,0.007
196,2019,NA,NA,NA,NA,NA,NA,NA,NA,NA
197,2019,0.182,NA,0.552,NA,0.081,0.078,0.027,NA,NA
198,2019,0.324,NA,0.667,0.115,0.078,0.179,0.13,NA,0.017
199,2019,0.339,NA,1.93,NA,NA,0.041,0.299,NA,NA
200,2019,NA,NA,2.805,NA,NA,NA,0.121,NA,NA
201,2019,NA,NA,0.093,NA,NA,NA,NA,NA,NA
202,2019,NA,NA,NA,NA,NA,NA,NA,0.003,0.012
203,2019,0.132,NA,3.365,NA,0.096,NA,0.162,NA,3.192
204,2019,0.261,NA,0.352,NA,0.633,0.468,0.123,NA,0.959
205,2019,0.477,0.015,1.714,0.322,0.292,NA,1.222,NA,NA
206,2019,1.2,0.027,1.221,0.06,0.222,NA,1.352,NA,0.137
207,2019,2.405,NA,2.408,1.531,0.135,0.018,0.638,NA,NA
208,2019,0.834,0.039,1.704,1.89,0.481,0.02,0.17,NA,NA
216,2019,NA,NA,NA,NA,NA,NA,NA,NA,NA
217,2019,0.128,0.037,0.492,NA,0.033,0.222,0.023,0,1.402
218,2019,0.238,NA,2.245,NA,NA,0.738,1.056,NA,0.004
219,2019,NA,NA,NA,NA,NA,NA,NA,NA,NA
220,2019,NA,NA,1.06,NA,NA,NA,NA,NA,NA
221,2019,0.04,NA,0.612,NA,NA,NA,NA,NA,2.266
222,2019,NA,NA,0.189,NA,NA,NA,1.965,NA,11.198
223,2019,0.364,NA,0.959,NA,0.14,NA,0.286,NA,0.626
224,2019,0.031,NA,0.126,NA,0.428,0.088,0.441,NA,0.02
225,2019,4.84,0.23,1.608,0.433,1.468,0.635,2.83,NA,0.003
226,2019,2.865,0.238,8.342,0.399,1.357,0.147,2.114,NA,0.044
227,2019,1.102,NA,3.524,0.98,0.431,0.387,0.42,NA,0.001
228,2019,0.567,NA,1.534,1.412,0.272,0.141,0.874,NA,0.727
235,2019,NA,NA,NA,NA,NA,NA,NA,NA,NA
236,2019,NA,NA,0.049,NA,NA,0.015,0.023,NA,NA
237,2019,0.194,NA,1.503,NA,0.142,0.615,0.434,0.024,0.025
238,2019,0.212,NA,1.903,NA,0.034,0.235,1.389,NA,0.163
239,2019,NA,NA,0.392,NA,NA,NA,NA,0.005,NA
240,2019,NA,NA,NA,NA,NA,NA,NA,NA,2.592
241,2019,0.019,NA,0.924,NA,0.006,NA,0.123,NA,3.788
242,2019,0.044,NA,0.04,0.027,0.027,NA,NA,NA,1.472
243,2019,0.196,NA,0.016,NA,0.055,NA,0.105,NA,0.762
244,2019,0.947,0.14,3.236,NA,0.616,0.108,2.431,NA,NA
245,2019,5.856,0.185,6.178,0.099,1.919,0.852,2.651,NA,NA
246,2019,0.758,NA,2.506,0.602,0.285,0.255,0.72,0.002,NA
247,2019,0.64,0.083,1.002,0.702,0.562,0.101,0.253,NA,0.009
254,2019,0.006,NA,0.06,NA,NA,NA,0.02,NA,NA
255,2019,0.226,NA,2.638,0.086,NA,0.125,0.131,NA,NA
256,2019,0.391,NA,1.778,NA,NA,0.387,0.553,NA,1.105
257,2019,0.173,NA,0.572,NA,NA,NA,0.181,0.001,0.385
258,2019,0.072,NA,0.203,NA,0.035,0.048,0.208,NA,NA
259,2019,0.025,NA,0.038,NA,0.08,NA,NA,NA,10.384
260,2019,0.124,NA,NA,0.169,NA,NA,0.388,NA,3.021
261,2019,0.558,NA,0.4,NA,0.418,NA,0.162,NA,0.403
262,2019,0.348,NA,0.62,NA,0.041,NA,0.377,NA,1.419
263,2019,3.185,0.09,0.602,NA,1.131,0.011,1.948,0.025,NA
264,2019,1.255,NA,2.558,0.156,0.483,NA,1.235,NA,NA
265,2019,1.009,NA,1.794,0.763,0.025,0.124,0.548,0.021,NA
266,2019,0.775,NA,1.132,0.349,0.537,0.029,0.573,0.004,2.517
273,2019,NA,NA,NA,NA,NA,NA,NA,NA,NA
274,2019,0.026,NA,0.433,NA,0.019,0.017,0.08,NA,NA
275,2019,0.967,NA,2.578,NA,0.159,0.253,0.577,NA,0.083
276,2019,0.762,NA,0.604,NA,NA,1.053,1.44,NA,0.966
277,2019,NA,NA,NA,NA,NA,NA,NA,NA,NA
278,2019,0.172,NA,0.125,NA,0.049,NA,0.894,NA,3.865
279,2019,0.031,NA,0.007,NA,0.003,0.187,NA,NA,18.547
280,2019,0.299,NA,0.082,NA,0.109,NA,0.425,NA,0.049
281,2019,0.013,NA,0.005,NA,0.065,NA,NA,NA,1.214
282,2019,1.881,0.001,1.188,NA,0.264,NA,1.38,NA,0.247
283,2019,2.908,0.044,2.698,0.155,0.78,0.175,2.477,NA,NA
284,2019,0.866,NA,1.148,0.52,0.25,0.221,0.792,NA,NA
285,2019,0.721,0.055,0.556,NA,0.151,NA,0.261,0.008,0.803
292,2019,NA,NA,NA,NA,NA,NA,NA,NA,NA
293,2019,1.071,0.02,2.291,NA,0.163,0.068,0.909,NA,0.003
294,2019,4.284,NA,3.777,0.269,0.366,1.004,1.989,NA,0.482
295,2019,0.579,NA,0.357,NA,0.123,0.07,0.29,NA,0.499
296,2019,0.933,NA,0.071,NA,0.026,NA,0.737,NA,0.412
297,2019,0.968,0.084,0.087,NA,0.063,0.162,0.711,NA,11.411
298,2019,0.035,NA,0.054,0.047,0.061,NA,NA,NA,0.606
299,2019,0.868,NA,0.435,0.024,0.231,NA,1.187,NA,0.428
300,2019,0.663,0.036,0.52,NA,0.425,NA,0.831,NA,1.069
301,2019,1.104,NA,4.303,0.024,1.039,0.073,2.036,0,NA
302,2019,0.24,NA,0.696,0.064,0.392,0,1.378,NA,NA
303,2019,2.742,0.023,1.713,0.207,1.463,0.233,0.859,NA,0.102
304,2019,0.736,0.027,0.469,NA,0.391,0.071,0.392,0.004,7.069
311,2019,NA,NA,NA,NA,NA,NA,NA,NA,NA
312,2019,0.007,0.003,0.202,NA,NA,0.087,0.171,NA,NA
313,2019,9.058,NA,6.037,0.166,1.074,0.677,2.207,NA,0.01
314,2019,5.514,NA,0.742,0.297,0.735,0.066,4.378,NA,2.71
315,2019,NA,NA,NA,NA,NA,NA,NA,NA,0.715
316,2019,0.917,0.024,0.344,NA,0.258,NA,0.672,NA,1.861
317,2019,0.22,NA,0.29,NA,NA,NA,0.654,NA,8.255
318,2019,1.265,NA,1.278,0.315,0.402,NA,1.285,NA,0.012
319,2019,1.171,NA,0.601,NA,0.541,NA,0.445,0.001,0.293
320,2019,1.608,0.138,3.304,NA,1.044,0.045,1.359,0.027,0.065
321,2019,2.124,NA,0.754,0.138,0.548,NA,1.011,NA,NA
322,2019,2.149,0.343,0.655,0.086,1.276,0.21,0.722,NA,0.58
323,2019,0.653,NA,0.332,NA,0.425,NA,0.198,NA,0.334
332,2019,NA,NA,0.218,NA,NA,NA,NA,NA,NA
333,2019,1.023,NA,4.031,0.162,0.198,0.17,1.463,NA,0.004
334,2019,14.439,0.098,2.996,NA,3.754,0.856,5.594,NA,0.182
335,2019,5.557,NA,0.379,NA,1.3,0.264,2.567,NA,1.194
336,2019,1.638,0.004,0.849,NA,0.459,NA,1.285,NA,0.002
337,2019,2.392,NA,1.051,0.079,0.64,0.128,2.132,NA,13.098
338,2019,0.247,NA,0.883,0.135,0.324,NA,0.569,NA,0.004
339,2019,2.587,0.205,2.15,0.593,1.055,0.071,1.089,NA,0.002
340,2019,1.632,NA,0.876,NA,0.316,NA,1.27,NA,0.011
341,2019,3.203,0.133,4.968,NA,0.668,0.404,1.572,0,NA
342,2019,0.892,NA,0.448,NA,0.258,NA,0.438,NA,NA
343,2019,3.067,0.008,2.275,NA,0.624,0.022,2.046,NA,0.164
344,2019,0.55,0.062,0.806,0.183,0.246,0.002,0.417,NA,8.662
352,2019,NA,NA,NA,NA,NA,NA,NA,NA,NA
353,2019,0.145,NA,0.305,NA,0.052,0.077,NA,NA,NA
354,2019,5.937,0.021,1.819,NA,1.381,0.074,2.948,NA,0.002
355,2019,14.534,0.012,1.1,NA,3.311,NA,9.561,NA,0.712
356,2019,2.573,NA,0.129,NA,0.179,0.063,1.124,NA,0.714
357,2019,4.802,NA,0.738,NA,0.288,0.334,4.013,0.031,0.152
358,2019,0.221,NA,0.208,0.01,NA,NA,0.099,0,2.97
359,2019,1.677,NA,1.752,0.089,0.28,NA,0.748,NA,0.002
360,2019,0.369,NA,0.063,0.09,0.287,NA,0.064,NA,0.02
361,2019,0.909,0.007,0.966,0.062,0.656,NA,0.904,0,0.026
362,2019,2.212,NA,1.906,NA,0.934,NA,1.413,NA,NA
363,2019,2.889,NA,0.715,0.576,0.389,0.209,1.925,NA,1.214
364,2019,2.25,0.147,2.69,0.09,0.512,0.072,1.64,NA,2.245
373,2019,0.692,NA,0.118,NA,NA,NA,NA,NA,NA
374,2019,2.91,0.216,1.65,0.263,0.642,0.328,1.733,NA,NA
375,2019,12.726,0.907,0.014,NA,2.086,0.419,8.381,NA,0.039
376,2019,8.572,0.35,0.049,NA,0.954,0.084,4.303,NA,0.623
377,2019,2.762,0.147,0.533,NA,0.449,0.356,1.288,0.001,0.185
378,2019,6.149,0.052,0.464,0.211,0.586,0.08,2.43,NA,4.368
379,2019,0.123,NA,0.005,NA,0.073,NA,0.058,NA,NA
380,2019,0.065,NA,0.403,0.423,0.465,NA,0.121,NA,0.002
381,2019,0.399,NA,0.366,0.449,0.015,NA,NA,NA,NA
382,2019,3.132,0.024,6.888,0.346,1.312,0.431,2.027,NA,NA
383,2019,1.001,NA,1.327,NA,0.157,NA,1.593,NA,0.03
384,2019,1.611,NA,1.398,NA,0.078,0.104,0.846,NA,NA
385,2019,0.591,0.018,1.112,NA,0.01,NA,0.481,NA,1.321
393,2019,NA,NA,NA,NA,NA,NA,NA,NA,NA
394,2019,2.073,NA,1.623,0.095,0.135,0.231,0.626,NA,NA
395,2019,5.483,0.062,0.813,NA,2.284,NA,5.312,NA,0.002
396,2019,15.197,0.475,0.915,NA,1.16,0.88,9.536,0.051,0.022
397,2019,3.294,NA,0.148,0.053,0.786,NA,1.552,NA,0.097
398,2019,3.271,0.191,0.266,0.229,0.63,0.035,3.595,NA,0.1
399,2019,1.032,NA,0.008,NA,0.081,NA,0.259,NA,0.004
400,2019,0.681,NA,0.205,0.068,NA,NA,0.35,NA,0
401,2019,0.125,NA,0.215,0.137,0.06,NA,NA,NA,NA
402,2019,0.314,0.141,1.189,0.234,0.079,NA,0.552,NA,NA
403,2019,4.161,0.036,4.545,NA,0.154,0.136,2.859,NA,NA
404,2019,2.347,NA,2.165,1.607,0.311,0.131,1.169,NA,NA
405,2019,2.414,NA,3.097,0.091,0.399,0.068,1.81,NA,NA
414,2019,0.025,NA,0.135,NA,0.021,0.025,0.033,NA,NA
415,2019,3.736,NA,0.095,NA,0.488,0.229,2.572,NA,0.003
416,2019,15.419,0.593,0.465,0.036,2.549,0.251,7.715,NA,NA
417,2019,2.07,NA,0.278,0.098,0.587,0.282,1.38,NA,0.109
418,2019,4.051,0.005,0.854,NA,1.619,0.015,1.263,0.002,0.203
419,2019,0.741,0.019,0.153,0.023,0.137,NA,0.133,NA,0.013
420,2019,0.426,NA,0.32,0.1,0.071,NA,0.085,NA,NA
421,2019,0.06,NA,0.188,0.1,0.222,NA,0.223,NA,NA
422,2019,0.473,NA,0.155,0.283,0.108,NA,0.302,NA,NA
423,2019,2.627,NA,1.468,0.115,0.286,0.307,3.061,NA,NA
424,2019,2.197,0.032,4.872,NA,1.49,NA,1.494,NA,NA
425,2019,0.353,NA,0.219,NA,0.126,NA,0.504,NA,NA
426,2019,1.03,NA,0.847,0.038,0.623,NA,0.899,NA,NA
434,2019,NA,NA,NA,NA,NA,NA,NA,NA,NA
435,2019,1.036,NA,0.713,NA,0.143,0.724,1.125,NA,NA
436,2019,6.754,0.144,0.237,NA,1.799,0.531,7.094,NA,0.008
437,2019,5.258,0.074,0.587,0.481,1.492,0.292,2.11,NA,0.324
438,2019,3.885,0.034,0.775,NA,0.963,0.058,1.55,0.019,0.029
439,2019,1.134,0.042,0.087,NA,0.103,0.043,0.355,NA,3.182
440,2019,NA,NA,0.172,0.023,0.028,NA,0.056,NA,0.007
441,2019,0.178,NA,0.105,0.025,0.067,NA,0.072,NA,0.002
442,2019,0.399,NA,0.769,1.033,0.208,0.026,0.173,NA,NA
443,2019,0.467,NA,0.281,0.4,0.024,0.024,0.709,NA,NA
444,2019,2.847,NA,2.812,0.849,0.378,0.058,0.937,NA,NA
445,2019,1.238,NA,0.473,0.222,0.186,0.129,0.524,NA,NA
446,2019,1.037,NA,0.713,0.295,0.284,0.08,0.086,NA,NA
456,2019,0.015,0.001,0.012,NA,NA,NA,NA,0,NA
457,2019,3.947,0.413,0.596,NA,0.698,0.239,1.909,NA,0.337
458,2019,4.094,0.63,0.742,NA,1.522,0.797,3.149,NA,NA
459,2019,1.107,NA,0.464,NA,0.078,0.067,1.473,NA,0.004
460,2019,4.186,0.016,0.08,NA,1.644,NA,0.807,0.013,2.91
461,2019,0.056,NA,0.061,0.015,0.061,NA,0.075,NA,0.159
462,2019,0.153,NA,0.23,0.113,0.07,NA,0.017,NA,0.057
463,2019,0.728,NA,0.259,0.118,0.22,NA,0.255,NA,0.012
464,2019,0.561,NA,0.147,0.012,0.194,NA,NA,NA,NA
465,2019,0.689,NA,0.888,0.409,NA,NA,0.862,NA,NA
466,2019,0.609,NA,0.86,0.091,0.163,NA,0.913,NA,NA
467,2019,1.155,NA,0.065,NA,0.175,0.069,0.231,NA,NA
468,2019,1.491,NA,0.726,0.572,0.593,NA,0.005,NA,0.168
476,2019,NA,NA,NA,NA,NA,NA,NA,NA,NA
477,2019,2.761,0.157,0.265,0.098,0.769,0.027,1.127,NA,0.18
478,2019,2.132,0.101,0.528,NA,0.986,0.841,1.715,NA,0.179
479,2019,0.729,0.043,0.391,NA,0.163,0.254,0.15,0.007,3.381
480,2019,1.826,NA,0.338,0.076,0.585,NA,1.527,NA,0.259
481,2019,0.052,NA,NA,NA,0.063,NA,NA,NA,1.1
482,2019,0.305,NA,0.307,NA,0.092,NA,0.074,NA,NA
483,2019,NA,NA,0.192,0.043,0.009,NA,NA,NA,0.003
484,2019,0.143,0.016,0.109,0.436,0.082,NA,0.023,NA,NA
485,2019,0.006,NA,0.164,0.417,NA,NA,0.026,NA,NA
486,2019,0.946,NA,0.224,0.213,0.12,NA,0.367,NA,NA
487,2019,0.441,NA,0.346,0.125,0.053,NA,0.065,NA,NA
488,2019,0.899,NA,0.386,0.019,0.04,NA,0.135,NA,NA
498,2019,NA,NA,NA,0.082,NA,NA,NA,NA,0.118
499,2019,7.144,2.43,1.099,NA,1.143,0.329,3.125,NA,NA
500,2019,2.412,0.765,1.163,NA,0.643,0.237,0.678,NA,0.014
501,2019,1.038,NA,0.124,NA,0.159,NA,0.911,NA,0.245
502,2019,0.246,NA,NA,0.041,0.225,NA,0.151,NA,0.874
503,2019,0.051,0,0.056,0.1,0.144,NA,NA,NA,0.025
504,2019,0.102,NA,0.229,NA,0.028,NA,0.005,NA,NA
505,2019,0.758,NA,0.041,0.037,NA,NA,0.074,NA,NA
506,2019,0.777,NA,0.077,0.164,0.144,NA,0.513,NA,NA
507,2019,0.027,NA,0.009,0.063,0.047,NA,NA,NA,NA
508,2019,0.553,NA,0.543,0.116,0.388,NA,0.161,NA,NA
509,2019,0.131,NA,0.223,NA,NA,NA,0.167,NA,NA
510,2019,0.573,NA,1.047,NA,NA,0.03,NA,NA,1.095
520,2019,NA,NA,NA,NA,NA,NA,NA,NA,NA
521,2019,1.232,0.292,0.748,0.03,0.407,0.396,0.293,NA,0.129
522,2019,4.976,2.257,0.665,NA,1.242,0.46,4.146,NA,NA
523,2019,2.746,0.169,1.268,NA,0.918,NA,2.038,NA,0.662
524,2019,1.221,NA,0.246,0.801,0.411,NA,0.708,NA,0.386
525,2019,0.091,NA,0.043,NA,0.082,NA,NA,NA,0.041
526,2019,0.217,0.047,0.11,NA,0.059,NA,0.074,NA,0.153
527,2019,0.091,NA,0.039,0.117,0.024,NA,0.017,NA,0.009
528,2019,0.64,NA,0.081,0.217,0.123,0.161,0.239,NA,NA
529,2019,0.445,NA,NA,0.889,0.081,0.031,NA,NA,NA
530,2019,0.199,NA,0.346,0.116,NA,NA,0.192,NA,NA
531,2019,0.384,NA,NA,NA,0.017,NA,0.143,NA,NA
532,2019,1.444,NA,0.462,NA,0.109,NA,0.572,NA,NA
544,2019,0.663,NA,0.373,0.017,0.61,NA,0.287,NA,0.079
545,2019,14.314,4.739,0.842,0.119,4.148,0.879,10.63,NA,NA
546,2019,5.133,0.633,0.693,0.066,2.088,0.202,3.033,NA,0.068
547,2019,1.057,0.007,0.017,NA,0.335,NA,0.43,NA,1.901
548,2019,0.172,NA,NA,NA,0.066,NA,NA,NA,0.04
549,2019,0.154,NA,0.041,0.016,0.079,NA,NA,NA,NA
550,2019,0.061,NA,0.022,0.041,0.021,NA,NA,0.002,0.089
551,2019,0.024,NA,0.048,0.092,0.104,NA,NA,NA,NA
552,2019,0.043,NA,NA,0.072,NA,NA,0.027,NA,NA
553,2019,0.262,NA,0.462,0.172,0.38,NA,NA,NA,NA
554,2019,0.21,NA,0.025,0.262,0.108,NA,0.16,NA,NA
555,2019,3.965,NA,0.177,NA,1.346,NA,0.857,NA,NA
556,2019,0.768,NA,0.635,0.386,0.108,NA,0.053,NA,NA
568,2019,0.229,NA,0.006,NA,0.023,NA,0.089,0,NA
569,2019,4.845,1.138,0.381,NA,3.258,0.293,3.612,0.002,0.322
570,2019,3.795,1.14,0.773,NA,2.072,NA,4.154,NA,0.001
571,2019,1.601,NA,1.327,0.058,0.568,NA,0.309,NA,2.814
572,2019,0.55,NA,0.181,0.653,0.087,0.047,0.425,NA,NA
573,2019,0.21,0.079,NA,0.068,0.071,NA,0.031,NA,0.003
574,2019,0.094,NA,0.039,0.028,0.009,NA,NA,NA,0.041
575,2019,NA,NA,0.061,0.015,NA,NA,NA,NA,NA
576,2019,NA,NA,NA,NA,NA,NA,NA,NA,NA
577,2019,0.129,NA,0.002,NA,0.228,NA,0.02,NA,NA
578,2019,0.431,NA,0.053,0.482,NA,NA,NA,NA,NA
579,2019,1.063,NA,0.264,NA,0.038,NA,0.45,NA,NA
580,2019,0.851,NA,0.423,NA,0.664,NA,0.332,NA,NA
594,2019,0.148,0.145,0.086,NA,0.201,NA,0.209,NA,3.114
595,2019,2.666,0.674,0.53,0.189,0.512,0.237,2.601,0.004,0.167
596,2019,1.253,0.055,0.122,NA,0.365,0.155,0.573,NA,0.004
597,2019,2.167,NA,0.425,0.222,0.972,NA,1.366,NA,3.634
598,2019,0.911,0.01,0.109,0.764,0.255,NA,0.121,NA,NA
599,2019,0.103,NA,NA,0.099,0.019,0.027,0.022,NA,NA
600,2019,0.041,NA,0.054,0.225,0.034,NA,NA,NA,NA
601,2019,NA,NA,NA,NA,NA,NA,NA,NA,NA
602,2019,0.07,NA,0.004,0.043,0.144,NA,NA,NA,NA
603,2019,0.049,NA,NA,0.049,NA,NA,NA,NA,NA
604,2019,0.145,NA,0.29,0.083,0.006,NA,0.098,NA,NA
605,2019,2.032,NA,NA,NA,0.248,NA,0.67,NA,NA
606,2019,0.791,NA,0.492,NA,0.619,0.015,0.292,NA,0.005
618,2019,NA,NA,NA,NA,NA,NA,NA,NA,0.109
619,2019,0.635,1.029,NA,NA,1.034,NA,0.856,NA,5.178
620,2019,0.596,NA,0.228,0.208,0.305,0.292,0.188,NA,NA
621,2019,1.425,0.164,0.227,0.167,0.232,0.172,0.539,NA,0.021
622,2019,0.575,0.015,0.092,1.254,0.26,0.082,0.191,NA,0.002
623,2019,0.016,NA,0.021,0.175,0.033,NA,NA,NA,0.003
624,2019,0.024,NA,0.04,0.633,0.218,0.021,0.021,NA,NA
625,2019,NA,NA,0.008,0.068,0.02,NA,NA,NA,NA
626,2019,NA,NA,NA,NA,NA,NA,NA,NA,NA
627,2019,0.025,0.022,NA,NA,0.084,NA,NA,NA,NA
628,2019,0.681,NA,0.27,0.323,0.328,NA,NA,NA,NA
629,2019,1.409,NA,0.279,0.151,0.71,NA,0.75,NA,NA
630,2019,2.469,NA,1.174,NA,0.793,NA,0.811,NA,0.141
643,2019,0.135,0.059,NA,NA,0.02,NA,NA,NA,1.357
644,2019,0.984,0.381,0.004,0.018,0.354,NA,0.31,NA,4.022
645,2019,0.526,NA,0.072,NA,0.044,NA,0.12,NA,NA
646,2019,0.204,NA,0.016,0.111,0.099,0.054,0.078,NA,NA
647,2019,0.391,NA,0.135,0.829,0.463,NA,NA,NA,0.254
648,2019,0.168,0.039,NA,0.869,0.018,NA,NA,NA,NA
649,2019,0.039,NA,NA,0.18,0.034,NA,NA,NA,NA
650,2019,0.012,NA,NA,NA,NA,NA,NA,NA,NA
651,2019,NA,NA,NA,NA,0.008,NA,NA,NA,NA
652,2019,0.731,NA,NA,0.105,0.123,NA,NA,NA,NA
653,2019,0.885,NA,0.194,0.41,0.096,0.233,0.179,NA,NA
654,2019,1.584,NA,0.603,NA,0.683,NA,0.67,NA,NA
655,2019,0.23,NA,0.291,0.351,0.634,NA,0.03,NA,NA
667,2019,NA,NA,NA,NA,NA,NA,NA,NA,6.394
668,2019,0.6,0.334,0.064,NA,0.801,NA,0.152,NA,6.989
669,2019,0.001,NA,0.048,0.214,0.024,NA,NA,NA,NA
670,2019,0.128,NA,0.005,NA,0.121,NA,0.007,NA,NA
671,2019,0.621,NA,0.063,1.653,1.054,0.276,0.191,NA,NA
672,2019,0.024,NA,0.006,0.148,0.217,NA,NA,NA,0.367
673,2019,0.175,NA,NA,0.436,0.06,NA,NA,NA,NA
674,2019,0.007,NA,NA,0.001,NA,NA,NA,NA,NA
675,2019,NA,NA,NA,NA,NA,NA,NA,NA,NA
676,2019,0.192,NA,0.006,NA,0.02,NA,NA,NA,NA
677,2019,0.334,NA,0.216,NA,0.107,0.072,0.125,NA,NA
678,2019,0.563,NA,0.444,0.161,0.211,NA,0.547,NA,NA
679,2019,0.362,NA,0.236,NA,0.659,NA,0.132,NA,NA
693,2019,0.01,0.002,NA,NA,0.007,NA,NA,NA,2.683
694,2019,0.706,0.395,NA,NA,0.411,NA,0.141,NA,12.152
695,2019,0.05,NA,NA,0.056,0.121,NA,NA,NA,NA
696,2019,0.582,0.053,0.044,0.703,0.585,0.36,0.192,NA,0.005
697,2019,0.83,NA,NA,0.128,1.633,0.099,0.109,NA,NA
698,2019,0.107,NA,NA,0.143,0.095,NA,NA,NA,0.015
699,2019,NA,NA,NA,NA,NA,NA,NA,NA,NA
700,2019,NA,NA,NA,NA,NA,NA,NA,NA,NA
701,2019,0.037,NA,NA,0.147,0.031,NA,NA,NA,NA
702,2019,0.669,NA,NA,0.293,0.403,NA,0.067,NA,NA
703,2019,1.232,0.005,0.129,0.197,0.169,0.04,0.388,NA,NA
704,2019,3.792,NA,1.399,NA,1.134,NA,1.786,NA,NA
705,2019,2.429,NA,0.864,NA,0.986,NA,0.438,NA,1.117
99,2019,0.576,NA,0.419,0.576,0.306,0.021,NA,NA,NA
100,2019,0.186,NA,0.257,0.666,0.307,0.037,0.016,NA,NA
101,2019,0.199,NA,NA,NA,0.174,NA,NA,NA,NA
102,2019,0.038,NA,NA,NA,NA,NA,NA,NA,NA
103,2019,NA,NA,NA,NA,NA,NA,NA,NA,NA
115,2019,0.697,0.02,0.674,0.99,0.278,NA,NA,0.012,NA
116,2019,0.302,NA,0.56,0.576,0.477,NA,0.014,NA,NA
117,2019,NA,NA,0.029,0.123,0.004,NA,NA,NA,NA
118,2019,0.056,NA,NA,0.209,0.063,NA,NA,NA,NA
132,2019,2.114,0.018,1.52,2.598,0.89,NA,NA,0.004,NA
133,2019,0.451,NA,0.567,1.165,0.089,0.025,0.01,NA,NA
134,2019,0.255,NA,0.154,0.08,0.156,0.054,NA,NA,NA
135,2019,NA,NA,NA,0.183,0.021,NA,NA,0.007,NA
136,2019,0.032,NA,0.327,0.475,0.292,NA,NA,NA,NA
152,2019,0.284,NA,0.465,1.871,0.234,0.047,NA,NA,NA
153,2019,0.711,NA,0.227,0.922,0.196,0.173,NA,NA,NA
154,2019,0.051,NA,0.186,1.275,0.211,NA,NA,NA,NA
155,2019,0.073,NA,0.245,1.626,0.253,NA,NA,0.013,NA
156,2019,NA,NA,NA,0.077,0.118,NA,NA,NA,NA
171,2019,1.214,NA,0.727,2.538,0.161,0.116,NA,NA,NA
172,2019,0.392,NA,0.424,2.255,0.104,NA,NA,NA,NA
173,2019,0.11,0.009,0.127,0.579,0.163,NA,NA,NA,NA
174,2019,0.013,NA,0.096,0.508,0.302,0.061,NA,NA,NA
175,2019,0.12,NA,0.359,1.369,0.042,NA,NA,0.002,NA
191,2019,0.025,NA,0.233,1.525,0.044,NA,NA,0,NA
192,2019,NA,NA,0.154,0.144,0.043,NA,NA,NA,NA
193,2019,0.158,NA,0.544,0.906,0.208,NA,NA,NA,NA
194,2019,0.099,0.01,NA,1.369,0.163,NA,NA,NA,NA
195,2019,0.035,NA,0.212,0.097,0.2,NA,NA,0.031,NA
211,2019,0.59,0.022,0.486,1.504,0.1,0.238,NA,NA,NA
212,2019,0.083,0.017,0.394,0.702,0.099,NA,NA,NA,NA
213,2019,0.253,NA,0.214,0.462,NA,NA,NA,NA,NA
214,2019,0.402,NA,0.064,0.339,0.276,0.202,NA,NA,NA
215,2019,NA,NA,NA,NA,NA,NA,NA,NA,NA
231,2019,0.618,NA,0.495,0.362,0.602,0.148,NA,NA,NA
232,2019,NA,NA,0.044,0.367,0.02,NA,NA,NA,NA
233,2019,0.454,NA,0.258,0.426,0.225,0.112,NA,NA,NA
234,2019,0.585,NA,0.868,0.165,0.435,0.021,0.01,NA,NA
250,2019,0.937,NA,0.834,1.238,0.176,0.335,0.13,NA,NA
251,2019,0.159,NA,0.62,0.986,0.118,NA,NA,NA,NA
252,2019,0.073,NA,0.879,0.309,0.165,NA,NA,NA,NA
253,2019,2.294,0.034,0.572,0.808,0.246,0.606,0.008,0.108,NA
269,2019,0.592,NA,0.313,1.045,0.284,0.247,0.043,NA,NA
270,2019,0.081,NA,0.372,0.212,0.078,0.009,NA,NA,NA
271,2019,1.243,NA,1.049,0.542,0.587,0.33,NA,NA,NA
272,2019,0.518,NA,0.168,0.324,0.351,0.217,NA,NA,NA
288,2019,0.233,NA,0.476,0.475,0.132,NA,NA,NA,NA
289,2019,0.76,NA,0.06,0.291,0.099,NA,NA,NA,NA
290,2019,0.384,NA,0.152,0.724,0.238,NA,NA,NA,NA
291,2019,1.357,NA,0.423,0.206,0.59,0.399,0.018,0.092,NA
307,2019,1.102,NA,0.787,1.385,0.306,0.008,0.071,NA,NA
308,2019,0.544,NA,0.196,0.646,0.177,NA,NA,NA,NA
309,2019,1.005,NA,0.031,0.319,1.208,0.07,NA,NA,NA
310,2019,NA,NA,NA,NA,NA,NA,NA,NA,NA
326,2019,0.32,NA,0.97,0.482,0.195,NA,0.213,NA,NA
327,2019,0.662,NA,0.197,0.318,0.553,0.172,NA,NA,NA
328,2019,0.403,NA,NA,0.608,0.143,NA,NA,NA,NA
329,2019,0.532,NA,0.039,0.499,0.211,0.219,0.026,NA,NA
330,2019,NA,NA,NA,NA,NA,NA,NA,NA,NA
347,2019,1.062,NA,0.953,0.436,0.563,0.017,0.068,NA,NA
348,2019,1.138,NA,0.377,0.039,0.171,NA,0.1,NA,NA
349,2019,0.171,NA,0.469,0.681,0.142,0.012,NA,NA,NA
350,2019,NA,NA,NA,0.028,NA,NA,NA,NA,NA
351,2019,NA,NA,NA,NA,NA,NA,NA,NA,NA
367,2019,0.385,NA,0.844,0.174,0.051,NA,NA,NA,NA
368,2019,0.758,NA,0.057,0.193,0.066,NA,0.112,NA,NA
369,2019,0.391,NA,0.054,0.285,0.152,NA,NA,NA,NA
370,2019,0.038,NA,0.149,0.179,0.157,NA,NA,NA,NA
371,2019,0.198,NA,0.108,0.118,0.236,NA,NA,0.073,NA
388,2019,1.027,NA,0.558,0.699,0.236,NA,0.04,NA,NA
389,2019,0.763,NA,NA,NA,0.219,0.244,NA,NA,NA
390,2019,0.12,NA,NA,0.314,NA,0.193,NA,NA,NA
391,2019,NA,NA,NA,NA,NA,NA,NA,NA,NA
392,2019,0.414,NA,0.1,0.143,0.084,NA,NA,NA,NA
408,2019,0.724,NA,0.613,0.538,0.081,NA,NA,NA,NA
409,2019,0.666,NA,2.846,0.193,0.438,0.175,NA,NA,NA
410,2019,0.704,NA,NA,0.095,0.201,0.025,NA,NA,NA
411,2019,NA,NA,0.04,NA,NA,NA,NA,NA,NA
412,2019,0.01,NA,0.165,0.209,NA,NA,NA,NA,NA
413,2019,NA,NA,NA,NA,NA,NA,NA,0.007,NA
429,2019,1.507,0.04,2.202,0.701,0.368,0.045,NA,NA,NA
430,2019,0.914,NA,0.727,0.431,0.392,0.093,NA,NA,NA
431,2019,2.105,NA,0.035,NA,0.723,NA,NA,NA,NA
432,2019,0.035,NA,NA,NA,NA,NA,NA,NA,NA
433,2019,0.19,NA,NA,0.013,0.228,NA,NA,NA,NA
449,2019,0.576,NA,0.338,NA,0.218,0.478,NA,NA,NA
450,2019,0.456,NA,0.29,0.124,0.53,0.176,0.097,NA,NA
451,2019,0.467,NA,0.015,NA,0.053,NA,NA,NA,NA
452,2019,1.737,NA,0.065,NA,0.348,0.224,NA,0.186,NA
453,2019,NA,NA,NA,0.067,NA,NA,NA,NA,NA
454,2019,NA,NA,NA,NA,NA,NA,NA,NA,NA
471,2019,0.319,NA,0.127,NA,0.114,0.111,0.047,0,NA
472,2019,2.1,0.233,NA,0.183,0.59,0.563,NA,NA,NA
473,2019,1.187,NA,0.12,NA,0.446,0.34,NA,0.048,NA
474,2019,NA,NA,0.125,NA,NA,NA,NA,NA,0.008
475,2019,0.618,NA,0.169,0.224,0.326,0.122,NA,0.061,NA
491,2019,0.43,NA,0.242,NA,0.339,0.305,NA,0.073,NA
492,2019,1.909,NA,NA,NA,0.506,0.466,NA,NA,NA
493,2019,2.879,0.006,0.48,NA,2.102,0.83,NA,NA,NA
494,2019,0.462,NA,NA,0.054,0.248,NA,NA,NA,NA
495,2019,0.516,NA,0.389,NA,0.101,NA,NA,NA,NA
496,2019,0.02,NA,NA,NA,NA,NA,NA,NA,NA
51,2019,NA,NA,NA,NA,NA,NA,NA,NA,NA
52,2019,0.289,0.03,0.651,1.52,0.359,0.051,0.127,0.002,NA
53,2019,0.59,NA,0.814,0.609,0.203,0.344,NA,NA,NA
54,2019,0.042,NA,0.17,0.677,0.248,0.045,NA,NA,NA
56,2019,NA,NA,NA,NA,NA,NA,NA,NA,NA
57,2019,0.041,NA,0.065,0.315,NA,NA,NA,NA,NA
58,2019,0.479,NA,1.406,0.705,0.811,0.283,NA,0.021,NA
59,2019,0.405,NA,0.767,0.746,0.539,0.15,NA,NA,NA
60,2019,0.323,NA,0.589,0.525,0.233,0.041,0.015,NA,NA
61,2019,NA,NA,NA,NA,NA,NA,NA,NA,NA
62,2019,NA,NA,NA,NA,NA,NA,NA,NA,NA
63,2019,0.238,NA,0.536,0.79,0.007,0.009,NA,0.01,NA
64,2019,0.433,0.021,0.724,1.439,0.215,0.176,0.164,NA,NA
65,2019,0.942,NA,1.143,1.41,0.62,0.099,NA,0.02,NA
66,2019,0.213,NA,0.424,0.402,0.093,NA,NA,NA,NA
70,2019,0.325,NA,0.744,1.596,0.136,0.025,0.02,NA,NA
71,2019,0.629,NA,1.507,1.711,0.677,0.124,NA,NA,NA
72,2019,0.277,NA,0.302,0.89,0.265,0.1,NA,NA,NA
73,2019,0.337,NA,0.532,0.458,0.207,0.096,NA,NA,NA
77,2019,0.094,0.087,0.099,1.066,0.043,0.024,NA,NA,NA
78,2019,0.989,0.019,0.71,2.817,0.321,0.067,0.063,NA,NA
79,2019,0.106,NA,0.143,0.79,NA,0.05,NA,NA,NA
80,2019,0.596,0.002,0.522,0.419,0.506,NA,NA,NA,NA
87,2019,0.738,NA,0.682,6.451,0.351,0.106,NA,NA,NA
88,2019,0.313,NA,1.219,0.944,0.465,NA,NA,NA,NA
89,2019,0.15,NA,0.469,0.955,0.141,0.193,NA,NA,NA
90,2019,0.746,NA,0.583,0.509,0.709,NA,NA,0.035,NA
97,2019,0.375,NA,0.628,2.004,0.288,0.032,0.142,NA,NA
98,2019,0.958,NA,0.914,3.687,0.854,0.55,0.005,0.011,NA
113,2019,1.094,NA,1.215,6.079,0.458,0.416,0.197,NA,NA
114,2019,0.519,NA,0.992,1.109,0.112,0.191,0.053,NA,NA
130,2019,0.687,NA,0.463,1.889,0.159,NA,0.276,NA,0.139
131,2019,1.284,NA,1.071,2.358,0.334,0.707,0.286,NA,NA
150,2019,1.385,NA,0.715,2.379,0.917,0.301,0.727,0.004,NA
151,2019,0.362,NA,0.385,1.451,0.176,NA,NA,NA,NA
169,2019,0.398,NA,0.065,1.238,0.006,NA,0.048,NA,0.516
170,2019,2.049,NA,1.561,0.89,0.287,0.092,0.631,NA,0.017
189,2019,1.117,NA,0.932,1.52,0.293,NA,0.293,NA,NA
190,2019,1.269,NA,1.13,2.565,0.168,0.227,NA,NA,NA
209,2019,0.673,NA,0.645,0.619,0.064,NA,0.248,NA,0.605
210,2019,3.384,0.027,2.333,3.493,1.211,0.586,0.935,NA,NA
229,2019,0.429,NA,0.595,1.015,0.347,0.048,0.202,NA,NA
230,2019,2.191,NA,1.586,1.362,0.436,0.586,0.049,NA,NA
248,2019,0.754,0.004,0.773,0.67,0.135,0.035,0.594,NA,8.368
249,2019,1.69,NA,1.819,1.661,1.327,0.359,0.298,NA,NA
267,2019,0.608,NA,0.849,1.716,0.005,0.101,0.26,NA,NA
268,2019,2.473,NA,2.879,0.745,0.323,0.11,0.023,NA,NA
286,2019,0.942,NA,0.459,0.005,0.486,NA,0.577,0.008,0.502
287,2019,0.753,NA,0.682,0.583,0.352,0.051,0.282,NA,NA
305,2019,0.617,0.298,0.535,0.911,0.411,NA,0.653,0.035,NA
306,2019,1.701,NA,3.292,0.322,0.15,NA,0.171,NA,NA
324,2019,0.155,NA,0.736,0.917,0.099,NA,0.249,NA,0.2
325,2019,0.802,0.02,1.391,0.954,0.044,NA,0.132,NA,NA
345,2019,1.79,NA,1.577,0.543,1.289,0.374,0.8,0.4,NA
346,2019,0.058,NA,0.663,0.052,0.043,NA,NA,NA,NA
365,2019,0.37,NA,0.761,NA,0.056,NA,0.239,NA,0.008
366,2019,0.267,NA,0.631,0.208,0.09,NA,0.552,NA,0.012
386,2019,0.254,NA,0.077,0.084,0.367,0.085,0.284,NA,0.071
387,2019,0.605,NA,0.738,0.372,0.089,0.201,NA,NA,NA
406,2019,0.925,NA,0.165,NA,0.065,NA,0.197,NA,0.602
407,2019,0.796,NA,0.29,0.019,0.163,0.271,0.204,NA,0.475
427,2019,0.179,NA,0.018,NA,NA,0.115,0.046,NA,NA
428,2019,2.083,NA,1.522,0.194,0.093,NA,NA,NA,NA
447,2019,0.916,NA,0.438,NA,0.569,0.16,0.574,NA,4.155
448,2019,0.687,NA,0.597,NA,0.212,0.157,0.022,NA,0.381
469,2019,1.279,NA,0.081,NA,0.191,0.099,0.168,NA,0.08
470,2019,0.744,NA,0.241,0.043,NA,0.184,0.164,NA,NA
489,2019,0.205,0.01,0.156,NA,NA,0.153,0.094,NA,1.677
490,2019,1.384,0.05,1.255,NA,0.746,1.142,0.158,0.504,NA
511,2019,0.506,NA,0.02,NA,0.187,0.451,0.134,0.035,1.191
512,2019,1.333,0.051,0.788,NA,0.089,NA,NA,NA,NA
533,2019,NA,NA,0.028,NA,0.109,NA,0.057,0.006,0.134
534,2019,2.107,0.297,0.818,NA,1.369,0.314,0.181,0.066,NA
557,2019,NA,NA,NA,NA,NA,NA,NA,NA,NA
558,2019,0.554,NA,0.587,NA,0.011,NA,NA,0.041,NA
581,2019,NA,NA,NA,NA,NA,NA,NA,NA,NA
582,2019,0.314,NA,NA,NA,0.277,NA,NA,NA,0.132
607,2019,0.122,NA,0.313,NA,0.229,NA,NA,NA,NA
608,2019,0.228,NA,0.153,NA,0.042,NA,NA,NA,NA
631,2019,NA,NA,NA,NA,NA,NA,NA,NA,NA
632,2019,0.308,NA,0.238,NA,0.353,NA,0.149,NA,NA
656,2019,0.419,NA,0.29,NA,NA,NA,0.133,NA,NA
657,2019,NA,NA,NA,0.045,NA,NA,NA,NA,NA
680,2019,NA,NA,1.414,NA,0.128,0.49,0.064,NA,NA
681,2019,0.224,NA,0.341,NA,0.112,NA,0.21,NA,NA
706,2019,0.329,NA,0.38,0.23,0.114,NA,0.474,NA,NA
707,2019,0.66,NA,0.486,NA,1.831,NA,NA,NA,NA
728,2019,0.546,NA,NA,0.248,0.156,NA,NA,NA,NA
729,2019,0.12,NA,0.267,NA,0.063,NA,0.212,NA,NA
730,2019,3.726,NA,1.899,NA,1.12,NA,0.856,NA,NA
731,2019,1.678,NA,0.506,NA,1.531,NA,0.425,NA,0.542
732,2019,0.112,NA,NA,NA,NA,NA,NA,NA,NA
753,2019,0.709,0.012,NA,0.388,0.081,NA,0.147,NA,NA
754,2019,0.768,NA,0.139,NA,0.272,NA,0.107,NA,NA
755,2019,3.963,0.094,0.37,NA,1.743,NA,1.076,NA,1.004
756,2019,2.445,NA,0.704,0.125,0.886,0.228,0.134,NA,NA
757,2019,2.036,NA,0.69,NA,2.129,0.136,0.153,NA,NA
777,2019,0.802,0.188,NA,0.224,0.096,NA,NA,NA,0.028
778,2019,1.677,NA,0.11,0.283,0.074,NA,NA,NA,0.036
779,2019,0.561,NA,0.036,NA,NA,NA,0.306,NA,NA
780,2019,5.876,NA,1.558,0.298,1.773,0.229,1.29,0.03,0.139
781,2019,3.364,NA,0.147,0.349,0.762,0.169,0.421,0.007,NA
800,2019,0.842,NA,0.348,NA,NA,NA,0.127,NA,0.044
801,2019,0.584,NA,0.661,NA,NA,NA,0.135,NA,NA
802,2019,2.583,NA,0.198,0.07,1.205,0.804,0.395,NA,NA
803,2019,4.163,NA,0.39,0.144,0.668,NA,0.139,NA,NA
804,2019,2.3,NA,0.075,NA,0.163,NA,0.091,0.027,0
825,2019,3.052,NA,0.642,NA,1.146,0.182,0.238,0.017,NA
826,2019,1.539,NA,0.221,0.039,0.727,NA,NA,NA,NA
847,2019,6.276,0.264,0.01,0.24,2.436,0.201,0.671,NA,NA
848,2019,6.577,0.046,0.125,NA,2.807,0.398,1.13,NA,NA
867,2019,2.641,NA,NA,0.031,1.21,0.369,0.302,NA,0.539
868,2019,6.848,NA,0.291,0.289,3.043,0.071,0.394,NA,3.298
888,2019,9.157,0,NA,0.006,7.417,1.232,1.299,NA,NA
889,2019,0.35,NA,0.478,0.128,NA,NA,0.1,NA,0.162
890,2019,1.669,NA,NA,NA,1.349,0.144,0.639,0.121,NA
891,2019,0.46,NA,NA,NA,0.082,NA,NA,NA,0.013
908,2019,0.947,NA,NA,NA,0.302,NA,0.354,NA,NA
909,2019,5.077,NA,NA,NA,4.118,0.543,1.612,NA,0.864
910,2019,0.627,NA,NA,NA,0.051,0.031,0.105,NA,0.001
911,2019,0.453,NA,NA,NA,0.329,NA,NA,NA,NA
928,2019,4.47,0.053,0.334,NA,4.141,NA,0.971,NA,NA
929,2019,3.067,0.073,0.144,NA,1.411,0.638,0.055,NA,0.02
930,2019,0.215,NA,NA,NA,1.076,NA,NA,0.059,NA
931,2019,0.868,NA,NA,NA,1.179,0.189,NA,0.03,NA
947,2019,1.178,NA,0.899,0.045,1.273,NA,0.204,NA,NA
948,2019,7.569,NA,0.292,NA,4.095,0.238,0.592,NA,NA
949,2019,1.683,NA,NA,NA,0.322,0.121,0.205,NA,0.232
950,2019,0.622,NA,0.259,NA,1.556,0.08,0.035,0.178,NA
967,2019,4.099,0.03,0.511,0.183,1.09,0.123,0.741,NA,NA
968,2019,2.799,NA,0.131,NA,0.24,NA,0.034,NA,0.222
969,2019,1.736,NA,0.35,NA,0.426,0.149,0.149,NA,NA
970,2019,0.181,NA,NA,NA,0.146,0.447,NA,NA,NA
971,2019,0.444,NA,NA,NA,0.559,0.041,0.037,NA,NA
972,2019,1.587,0.058,0.181,NA,2.185,0.292,NA,0.199,NA
973,2019,0.621,NA,0.241,0.09,NA,NA,NA,NA,NA
985,2019,4.485,NA,0.015,0.072,1.601,0.189,0.161,NA,NA
986,2019,5.049,NA,0.321,0.139,2.993,1.376,0.255,NA,NA
987,2019,1.449,NA,NA,NA,0.647,0.605,NA,NA,0.265
988,2019,0.924,NA,0.291,0.097,0.177,NA,NA,0.146,NA
989,2019,2.367,NA,NA,NA,0.879,0.583,NA,0.118,0.094
990,2019,1.412,NA,NA,0.049,0.502,0.321,0.095,0.081,NA
991,2019,0.692,NA,0.293,0.146,0.443,0.06,0.088,NA,NA
992,2019,NA,NA,NA,NA,NA,NA,NA,NA,NA
1005,2019,6.906,NA,NA,0.02,2.899,0.343,0.374,NA,NA
1006,2019,2.84,NA,0.014,0.093,0.437,0.058,0.343,NA,0.021
1007,2019,2.68,NA,0.131,0.198,0.682,0.629,0.264,NA,NA
1008,2019,0.506,NA,0.157,NA,0.166,NA,0.111,NA,NA
1009,2019,0.319,NA,0.09,NA,0.57,0.154,NA,NA,NA
1010,2019,0.808,0.007,0.567,NA,0.066,NA,NA,0.147,NA
1011,2019,0.252,NA,0.125,0.089,0.036,NA,NA,NA,NA
1012,2019,NA,NA,NA,NA,NA,NA,NA,NA,NA
1024,2019,1.756,NA,0.107,NA,1.174,0.221,NA,NA,NA
1025,2019,3.041,0.051,0.013,0.192,0.93,0.098,0.179,NA,NA
1026,2019,2.47,NA,0.011,0.414,1.501,1.013,NA,NA,NA
1027,2019,0.912,NA,0.26,0.019,0.045,0.189,0.168,NA,NA
1028,2019,0.4,NA,0.087,NA,0.043,0.484,NA,0.085,NA
1029,2019,0.911,NA,0.052,0.156,0.067,NA,0.069,NA,NA
1030,2019,0.495,NA,NA,NA,0.083,NA,NA,NA,NA
1031,2019,NA,NA,NA,NA,NA,NA,NA,NA,NA
1044,2019,3.826,NA,0.036,NA,0.7,NA,NA,NA,NA
1045,2019,3.574,NA,0.541,0.232,0.443,0.417,0.315,NA,NA
1046,2019,4.689,NA,1.401,NA,1.207,2.288,NA,NA,NA
1047,2019,0.201,NA,0.183,NA,0.277,NA,0.04,NA,NA
1048,2019,0.417,NA,0.058,NA,0.375,NA,NA,NA,NA
1049,2019,1.408,NA,0.234,0.176,0.819,0.025,NA,NA,NA
1050,2019,0.094,NA,0.061,NA,NA,NA,NA,NA,NA
1062,2019,1.902,NA,NA,0.106,1.694,NA,0.16,NA,NA
1063,2019,0.935,NA,0.263,NA,0.97,0.773,0.161,NA,NA
1064,2019,2.475,NA,NA,NA,0.967,0.377,NA,NA,NA
1065,2019,0.127,NA,NA,NA,0.08,NA,NA,NA,NA
1066,2019,1.899,NA,NA,NA,1.422,0.053,NA,NA,NA
1067,2019,0.868,NA,NA,NA,0.415,0.025,NA,NA,NA
1068,2019,0.884,NA,0.446,0.051,0.65,NA,NA,NA,NA
1081,2019,5.082,0.036,0.283,0.183,1.775,2.333,0.32,NA,NA
1082,2019,1.766,NA,0.121,NA,NA,0.152,NA,NA,NA
1083,2019,2.739,NA,NA,NA,2.146,0.755,NA,NA,NA
1084,2019,4.662,0.042,0.342,0.308,2.816,0.767,0.033,NA,NA
1085,2019,1.176,NA,0.047,NA,0.822,0.687,0.234,NA,NA
1086,2019,1.099,NA,0.064,NA,0.249,0.016,NA,NA,NA
1087,2019,NA,NA,NA,NA,NA,NA,NA,NA,NA
1100,2019,2.699,0.21,0.932,0.143,0.268,0.012,0.082,NA,NA
1101,2019,0.711,0.004,0.014,0.275,0.167,0.398,0.009,NA,NA
1102,2019,4.411,NA,0.653,0.225,2.044,1.377,0.174,NA,NA
1103,2019,1.303,NA,NA,NA,0.533,NA,NA,NA,NA
1104,2019,2.76,NA,0.21,NA,2.025,0.7,0.339,NA,0.001
1105,2019,0.433,NA,NA,0.209,0.167,NA,NA,NA,NA
1106,2019,1.825,NA,0.195,NA,0.013,0.324,NA,NA,NA
1119,2019,2.153,0.056,1.298,0.506,0.364,0.343,0.268,NA,NA
1120,2019,0.2,NA,0.069,0.346,0.239,0.099,NA,NA,0.121
1121,2019,1.046,NA,NA,0.257,0.377,0.244,0.321,NA,NA
1122,2019,2.152,NA,0.135,0.395,2.334,0.281,0.217,NA,0.099
1123,2019,1.855,NA,0.778,NA,0.898,0.255,0.1,NA,0.207
1124,2019,0.625,NA,0.382,NA,0.452,0.175,0.134,NA,NA
1137,2019,0.678,NA,0.689,1.397,0.252,NA,NA,NA,0.064
1138,2019,0.89,NA,0.466,0.416,0.338,0.27,NA,NA,NA
1139,2019,0.584,0.02,0.045,NA,0.036,0.139,NA,NA,NA
1140,2019,1.214,NA,0.173,0.028,0.723,0.244,0.008,NA,0.076
1141,2019,8.816,NA,2.534,0.715,2.322,0.54,1.399,NA,0.133
1142,2019,1.947,NA,0.219,0.233,1.596,0.987,0.03,NA,NA
1143,2019,NA,NA,0.031,NA,NA,NA,NA,NA,NA
1156,2019,0.767,NA,0.996,0.535,0.381,0.22,0.006,NA,NA
1157,2019,0.493,0.001,0.048,0.197,0.135,NA,NA,NA,NA
1158,2019,2.327,0.012,0.108,0.507,0.654,0.147,0.094,NA,0.001
1159,2019,2.061,NA,0.097,0.476,1.525,0.844,0.514,NA,NA
1160,2019,3.516,NA,0.044,0.292,2.272,0.145,0.819,NA,0.166
1161,2019,1.815,0.062,NA,0.011,0.278,0.068,NA,NA,NA
1174,2019,1.697,NA,1.2,1.423,0.423,NA,0.02,NA,NA
1175,2019,1.123,0.023,1.261,0.472,0.82,NA,NA,NA,NA
1176,2019,0.34,NA,0.009,0.124,0.009,NA,NA,NA,NA
1177,2019,2.729,NA,0.25,0.272,0.774,0.341,0.456,NA,0.001
1178,2019,3.243,NA,0.091,0.128,1.795,1.243,0.305,NA,0.003
1179,2019,0.65,NA,0.112,NA,0.217,0.036,0.111,0.001,0.074
1180,2019,NA,NA,NA,NA,0.098,NA,NA,NA,NA
1193,2019,1.987,0.018,1.417,0.742,0.632,0.408,0.068,NA,0.024
1194,2019,0.021,NA,0.113,0.375,0.196,NA,NA,NA,NA
1195,2019,0.659,NA,NA,0.458,0.163,NA,NA,NA,0.002
1196,2019,1.458,NA,0.249,NA,0.967,0.133,0.286,NA,NA
1197,2019,1.747,NA,0.048,0.199,0.651,0.291,0.346,NA,NA
1198,2019,1.569,NA,0.143,0.21,0.221,0.396,0.309,NA,NA
1211,2019,0.226,NA,0.145,0.38,0.066,NA,NA,NA,NA
1212,2019,0.164,NA,0.284,0.658,0.198,NA,NA,NA,NA
1213,2019,0.278,NA,0.138,0.221,0.623,0.298,0.136,NA,NA
1214,2019,2.408,0.237,0.15,0.342,0.851,0.415,0.06,NA,NA
1215,2019,0.766,NA,NA,NA,0.616,0.372,NA,NA,0.014
1216,2019,1.633,NA,0.287,0.201,0.838,0.144,0.32,NA,NA
1217,2019,0.055,NA,NA,NA,0.024,NA,NA,NA,NA
1231,2019,0.556,0.028,0.759,0.505,0.249,0.118,NA,NA,NA
1232,2019,0.005,NA,NA,0.09,0.001,NA,NA,NA,NA
1233,2019,1.013,NA,0.353,0.143,NA,0.014,NA,NA,NA
1234,2019,2.683,NA,0.785,0.471,0.522,0.104,0.453,NA,NA
1235,2019,2.638,NA,NA,0.381,0.07,0.174,0.609,NA,NA
1236,2019,0.419,NA,0.002,NA,0.357,NA,0.111,NA,NA
1248,2019,0.072,NA,NA,0.302,0.164,NA,NA,0.002,NA
1249,2019,0.015,NA,0.013,NA,NA,NA,NA,NA,NA
1250,2019,NA,NA,NA,NA,0.001,NA,NA,NA,NA
1251,2019,2.282,NA,0.207,1.048,0.287,0.039,0.068,NA,NA
1252,2019,3.584,NA,0.067,0.723,0.328,NA,0.283,NA,NA
1253,2019,2.317,NA,NA,0.82,0.741,0.839,0.217,NA,NA
1265,2019,0.072,NA,0.151,0.024,0.06,0.034,NA,NA,NA
1266,2019,NA,NA,NA,NA,NA,NA,NA,NA,NA
1267,2019,NA,NA,NA,0.34,0.01,NA,NA,NA,NA
1268,2019,0.287,NA,0.062,0.053,NA,NA,0.123,NA,NA
1269,2019,1.511,NA,0.591,1.812,0.308,NA,NA,NA,NA
1280,2019,0.027,NA,NA,0.117,0.022,NA,NA,NA,NA
1281,2019,0.178,NA,0.074,0.275,NA,NA,NA,NA,0.077
1282,2019,NA,NA,NA,NA,NA,NA,NA,NA,0.044
1283,2019,NA,NA,NA,NA,NA,NA,NA,NA,NA
1284,2019,1.769,NA,0.08,1.63,0.226,0.283,NA,NA,NA
1285,2019,0.403,NA,NA,0.033,0.09,0.12,NA,NA,NA
1292,2019,0.33,0.01,0.577,0.258,0.327,NA,0.003,NA,NA
1293,2019,0.731,0.008,0.218,NA,0.034,NA,NA,NA,3.095
1294,2019,0.045,NA,0.033,NA,NA,NA,NA,NA,3.839
1295,2019,0.025,NA,0.026,NA,0.111,NA,NA,NA,NA
1296,2019,2.493,0.072,0.512,1.757,0.404,0.09,NA,NA,NA
1302,2019,NA,NA,NA,NA,NA,NA,NA,NA,NA
1303,2019,0.352,0.089,0.215,NA,0.107,NA,NA,NA,NA
1304,2019,0.823,NA,0.929,0.046,0.437,0.059,0.056,NA,7.999
1305,2019,0.4,NA,0.127,NA,0.167,0.122,NA,NA,5.839
1306,2019,1.236,0.002,1.028,0.397,0.174,0.31,NA,NA,NA
1307,2019,0.657,NA,NA,0.447,0.139,NA,0.05,NA,NA
1311,2019,0.329,NA,0.214,0.094,0.038,NA,NA,NA,NA
1312,2019,0.082,NA,0.252,NA,NA,NA,NA,NA,NA
1313,2019,1.409,NA,1.72,NA,0.174,NA,NA,0.003,1.488
1314,2019,1.198,0.043,0.547,NA,0.063,0.07,0.051,0.006,3.375
1315,2019,1.048,NA,0.452,NA,0.16,0.211,NA,NA,NA
1318,2019,0.318,NA,0.523,NA,NA,0.01,0.081,NA,NA
1319,2019,0.17,NA,0.01,NA,0.06,NA,NA,NA,NA
1320,2019,0.735,0.037,1.132,NA,0.159,0,NA,NA,NA
1321,2019,0.605,NA,0.419,0.062,0.151,NA,NA,NA,NA
1322,2019,NA,NA,NA,NA,NA,NA,NA,NA,NA
1324,2019,0.145,NA,NA,NA,NA,NA,NA,NA,NA
1325,2019,1.159,NA,0.886,0.137,0.164,0.252,NA,NA,0.094
1328,2019,0.05,NA,0.125,NA,NA,NA,NA,NA,NA
1329,2019,NA,NA,NA,NA,NA,NA,NA,NA,0.075
1331,2019,0.47,NA,0.483,NA,0.095,0.076,NA,NA,NA
936,2019,NA,NA,NA,NA,0.01,NA,0.029,NA,10.004
937,2019,0.365,0.092,NA,NA,0.254,NA,NA,0,6.492
938,2019,0.159,NA,0.315,NA,0.195,0.104,0.334,NA,0.672
939,2019,NA,NA,NA,NA,NA,NA,NA,NA,0.282
940,2019,0.007,NA,NA,NA,0.036,NA,NA,NA,NA
956,2019,1.911,0.895,0.069,NA,0.784,NA,0.49,0,17.714
957,2019,0.244,NA,0.028,NA,0.219,NA,0.134,NA,5.186
958,2019,0.073,NA,NA,NA,0.441,NA,NA,NA,0.816
959,2019,NA,NA,NA,NA,NA,NA,NA,NA,0.04
960,2019,0.079,0.005,NA,0.121,0.029,0.016,NA,NA,NA
974,2019,0.938,0.76,NA,NA,0.042,NA,0.079,NA,0.225
975,2019,0.203,0.057,NA,NA,0.184,NA,0.121,NA,11.261
976,2019,NA,NA,NA,NA,NA,NA,NA,NA,7.358
977,2019,0.167,NA,NA,NA,0.33,NA,NA,NA,1.797
978,2019,0.1,0.015,NA,0.01,0.016,0.008,0.009,NA,NA
979,2019,0.069,NA,NA,0.281,0.241,NA,NA,NA,NA
993,2019,NA,NA,NA,NA,NA,NA,NA,NA,NA
994,2019,1.807,4.589,NA,NA,0.433,NA,1.973,NA,4.397
995,2019,0.11,0.035,NA,NA,0.15,NA,0.045,NA,15.264
996,2019,1.769,0.081,1.515,NA,1.057,0.149,2.176,NA,4.092
997,2019,0.626,0.022,0.225,NA,0.287,NA,0.06,NA,0.105
998,2019,0.805,0.115,0.2,0.88,0.665,0.01,0.044,NA,0.181
1013,2019,0.837,2.047,NA,NA,0.549,0.532,3.049,NA,0.986
1014,2019,0.268,0.098,NA,NA,0.007,NA,0.099,NA,1.643
1015,2019,0.53,0.309,0.058,NA,0.371,NA,0.618,NA,15.195
1016,2019,2.077,0.411,0.563,NA,1.028,0.069,0.816,NA,0.005
1017,2019,1.073,0.015,0.494,0.334,0.324,0.007,0.354,NA,0.846
1018,2019,2.385,0.033,2.181,0.117,1.01,0.045,0.471,NA,0.613
1032,2019,NA,NA,NA,NA,0.014,NA,NA,NA,NA
1033,2019,0.885,0.612,NA,NA,0.044,NA,NA,NA,2.957
1034,2019,0.102,NA,0.003,NA,0.113,NA,0.049,NA,11.185
1035,2019,0.43,0.078,0.051,NA,0.462,0.11,0.135,NA,21.709
1036,2019,5.962,0.843,2.387,NA,2.238,0.125,1.727,NA,0.309
1037,2019,1.319,0.03,1.081,NA,0.407,0.07,0.412,NA,5.781
1051,2019,0.004,0.068,NA,NA,NA,NA,NA,NA,0.365
1052,2019,0.25,0.103,0.017,NA,0.101,NA,0.017,0.006,1.935
1053,2019,0.031,0.013,NA,NA,0.023,NA,NA,NA,22.327
1054,2019,1.787,0.113,0.134,0.082,0.937,0.049,0.186,NA,0.622
1055,2019,6.479,0.422,4.39,NA,2.517,0.262,1.109,0.015,NA
1056,2019,1.484,NA,1.414,0.319,0.559,0.062,0.179,NA,NA
1069,2019,0.089,NA,NA,NA,NA,NA,NA,NA,0.141
1070,2019,0.461,0.147,0.1,NA,0.087,0.02,0.132,0.005,4.172
1071,2019,0.113,NA,NA,NA,NA,NA,NA,NA,5.134
1072,2019,0.158,NA,NA,NA,0.249,NA,NA,NA,3.233
1073,2019,1.733,0.017,NA,NA,0.594,NA,0.262,NA,2.494
1074,2019,1.228,0.008,0.806,0.423,0.305,0.083,0.079,NA,0.003
1088,2019,NA,NA,NA,NA,NA,NA,NA,NA,NA
1089,2019,0.093,0.07,NA,NA,0.015,NA,0.02,NA,1.191
1090,2019,0.319,0.021,NA,NA,0.118,NA,0.009,NA,4.566
1091,2019,0.019,NA,NA,NA,0.098,NA,NA,NA,0.078
1092,2019,0.755,0.024,NA,NA,0.384,NA,0.03,NA,0.368
1093,2019,0.05,NA,NA,NA,0.046,NA,NA,NA,NA
1094,2019,0.647,NA,0.868,0.243,0.025,0.009,0.084,NA,NA
1107,2019,NA,NA,NA,NA,NA,NA,NA,NA,0.187
1108,2019,0.956,0.436,0.192,NA,0.194,NA,0.112,NA,7.853
1109,2019,0.211,0.085,NA,NA,0.176,NA,NA,NA,0.192
1110,2019,0.092,NA,0.007,NA,0.294,NA,NA,NA,NA
1111,2019,3.726,0.017,0.061,NA,1.288,NA,0.674,NA,1.814
1112,2019,0.016,NA,NA,NA,0.015,NA,NA,NA,NA
1125,2019,NA,NA,NA,NA,NA,NA,NA,NA,0.644
1126,2019,0.066,0.043,NA,NA,0.041,NA,NA,0.001,5.409
1127,2019,0.298,0.048,NA,NA,0.68,NA,NA,NA,1.413
1128,2019,0.11,NA,NA,NA,0.238,NA,NA,NA,NA
1129,2019,2.32,0.047,0.064,0.038,0.319,NA,NA,NA,NA
1130,2019,3.78,0.125,0.023,0.069,1.554,0.07,0.362,NA,0.05
1131,2019,0.153,NA,0.014,0.001,0.033,NA,NA,NA,0.019
1144,2019,NA,0.064,NA,NA,0.083,NA,NA,NA,1.996
1145,2019,0.32,0.182,NA,NA,0.16,NA,NA,NA,1.697
1146,2019,1.158,0.126,0.073,NA,0.815,0.02,0.117,0.007,0.01
1147,2019,2.4,0.009,0.086,NA,0.795,0.034,NA,NA,0.034
1148,2019,1.074,0.023,NA,NA,0.442,NA,0.066,NA,0.033
1149,2019,0.212,0.015,NA,NA,0.206,NA,NA,NA,NA
1162,2019,NA,NA,NA,NA,NA,NA,NA,NA,1.077
1163,2019,0.351,0.108,NA,NA,0.151,NA,NA,NA,6.117
1164,2019,1.34,0.882,0.398,NA,0.345,NA,0.058,0.017,0.816
1165,2019,0.375,0.306,0.014,0.031,0.128,NA,NA,NA,0.003
1166,2019,1.42,0.026,0.179,0.162,0.832,NA,0.03,NA,0.04
1167,2019,0.567,NA,NA,NA,0.231,NA,NA,NA,NA
1168,2019,0.042,NA,NA,NA,NA,NA,0.053,NA,0.085
1181,2019,0.182,NA,NA,NA,0.076,0.025,NA,NA,12.788
1182,2019,0.14,NA,NA,NA,0.505,NA,NA,NA,1.49
1183,2019,0.957,0.454,0.528,NA,0.473,NA,0.151,NA,0.048
1184,2019,0.511,NA,0.015,0.066,0.453,NA,NA,NA,0.042
1185,2019,0.37,0.021,NA,0.17,1.704,NA,NA,NA,NA
1186,2019,0.008,NA,NA,NA,NA,NA,NA,NA,NA
1199,2019,NA,NA,NA,NA,NA,NA,0.005,NA,5.844
1200,2019,NA,NA,NA,NA,NA,NA,NA,NA,7.776
1201,2019,0.226,0.179,NA,NA,0.159,NA,NA,NA,NA
1202,2019,0.443,0.026,NA,NA,0.275,NA,0.006,NA,NA
1203,2019,1.219,NA,NA,0.054,1.174,NA,NA,NA,0.487
1204,2019,NA,NA,NA,NA,NA,NA,NA,NA,NA
1205,2019,NA,NA,NA,NA,NA,NA,NA,NA,NA
1218,2019,NA,NA,NA,NA,NA,NA,NA,NA,0.251
1219,2019,NA,NA,NA,NA,NA,NA,NA,NA,3.368
1220,2019,NA,NA,NA,NA,0.054,NA,NA,NA,0.394
1221,2019,0.096,0.011,NA,NA,0.072,NA,NA,NA,NA
1222,2019,1.038,NA,NA,NA,0.116,NA,NA,NA,NA
1223,2019,NA,NA,NA,NA,NA,NA,NA,NA,NA
1224,2019,NA,NA,NA,NA,NA,NA,NA,NA,NA
1237,2019,NA,NA,NA,NA,NA,NA,NA,NA,1.775
1238,2019,NA,NA,NA,NA,NA,NA,NA,NA,6.6
1239,2019,NA,NA,NA,NA,0.02,NA,NA,NA,NA
1240,2019,NA,NA,NA,NA,0.014,NA,NA,NA,NA
1241,2019,0.227,NA,NA,NA,0.374,NA,NA,NA,0.003
1242,2019,NA,NA,NA,NA,NA,NA,NA,NA,NA
1243,2019,NA,NA,NA,NA,NA,NA,NA,NA,NA
1254,2019,NA,NA,NA,NA,NA,NA,NA,NA,1.477
1255,2019,NA,NA,NA,NA,NA,NA,NA,NA,0.549
1256,2019,NA,NA,NA,NA,0.026,NA,NA,NA,NA
1257,2019,NA,NA,NA,NA,NA,NA,NA,NA,NA
1258,2019,0.044,NA,NA,NA,0.067,NA,NA,NA,NA
1259,2019,NA,NA,NA,NA,NA,NA,NA,NA,NA
1270,2019,NA,NA,NA,NA,NA,NA,NA,NA,NA
1271,2019,NA,NA,NA,NA,NA,NA,NA,NA,0.998
1272,2019,0.054,NA,NA,NA,0.047,NA,NA,NA,NA
1273,2019,NA,NA,NA,NA,NA,NA,NA,NA,NA
1274,2019,NA,NA,NA,NA,0.044,NA,NA,NA,NA
1275,2019,NA,NA,NA,NA,NA,NA,NA,NA,NA
1276,2019,NA,NA,NA,NA,NA,NA,NA,NA,NA
1286,2019,NA,NA,NA,NA,NA,NA,NA,NA,NA
1287,2019,0.013,NA,NA,NA,0.007,NA,NA,NA,NA
1288,2019,NA,NA,NA,NA,NA,NA,NA,NA,NA
1289,2019,NA,NA,NA,NA,NA,NA,NA,NA,NA
1297,2019,NA,NA,NA,NA,NA,NA,NA,NA,0.083
1298,2019,NA,NA,NA,NA,NA,NA,NA,NA,NA
1299,2019,NA,NA,NA,NA,NA,NA,NA,NA,NA
1300,2019,NA,NA,NA,NA,NA,NA,NA,NA,NA
1301,2019,NA,NA,NA,NA,NA,NA,NA,NA,NA
1308,2019,NA,NA,NA,NA,NA,NA,NA,NA,NA
1309,2019,NA,NA,NA,NA,NA,NA,NA,NA,NA
1316,2019,NA,NA,NA,NA,NA,NA,NA,NA,0.042
1317,2019,NA,NA,NA,NA,NA,NA,NA,NA,NA
1323,2019,NA,NA,NA,NA,NA,NA,NA,NA,NA
1326,2019,NA,NA,NA,NA,NA,NA,NA,NA,NA
1327,2019,0.004,NA,NA,NA,NA,NA,NA,NA,NA
1330,2019,NA,NA,NA,NA,NA,NA,NA,NA,NA
1,2019,NA,NA,NA,NA,NA,NA,NA,NA,NA
2,2019,NA,NA,NA,0.1,0.185,NA,NA,NA,NA
3,2019,0.053,NA,0.12,0.137,0.019,NA,NA,NA,NA
4,2019,NA,NA,NA,NA,NA,NA,NA,NA,NA
5,2019,NA,NA,NA,NA,NA,NA,NA,NA,NA
6,2019,0.14,NA,0.144,NA,0.082,0.028,NA,NA,NA
7,2019,NA,NA,NA,NA,NA,NA,NA,NA,NA
8,2019,0.282,NA,1.015,0.35,0.437,NA,0,0.091,NA
9,2019,0.201,NA,0.287,0.273,0.367,0.048,NA,NA,NA
10,2019,0.076,NA,0.374,1.369,0.387,NA,NA,0.002,NA
11,2019,0.156,NA,0.472,0.285,0.173,NA,NA,NA,NA
12,2019,0.083,NA,0.702,0.155,0.565,NA,NA,0.003,NA
13,2019,NA,NA,NA,NA,NA,NA,NA,NA,NA
14,2019,0.199,0.049,0.869,1.164,0.776,0.09,NA,NA,NA
15,2019,0.341,NA,0.338,0.52,0.3,0.153,NA,NA,NA
16,2019,0.028,NA,0.516,0.586,0.953,0.103,NA,NA,NA
17,2019,0.133,NA,0.271,0.58,0.313,0.126,NA,NA,NA
18,2019,0.212,0.018,0.046,0.133,0.424,NA,NA,0.14,NA
19,2019,0.224,NA,NA,0.101,0.035,0.068,NA,NA,NA
20,2019,NA,NA,0.342,0.588,1.035,0.043,NA,NA,NA
21,2019,0.103,NA,0.012,0.515,0.334,0.027,NA,NA,NA
22,2019,NA,NA,NA,0.004,NA,NA,NA,0.01,NA
23,2019,NA,NA,NA,0.001,NA,NA,NA,NA,NA
24,2019,0.257,0.015,0.745,0.666,0.268,NA,0.026,NA,NA
25,2019,0.041,NA,0.077,0.813,0.281,0.197,NA,NA,NA
26,2019,0,NA,0.297,0.983,0.597,NA,NA,0.014,NA
27,2019,0.738,NA,1.229,0.853,0.938,0.044,NA,NA,NA
28,2019,0.405,NA,0.19,0.291,0.309,0.05,NA,NA,NA
29,2019,0.412,0.017,0.015,1.422,0.689,0.081,NA,NA,NA
30,2019,0.021,NA,0.074,0.01,0.025,NA,NA,NA,NA
31,2019,0.031,NA,0.025,NA,NA,NA,NA,NA,NA
32,2019,NA,NA,NA,0.033,0.063,NA,NA,0.005,NA
33,2019,0.323,NA,0.289,0.888,0.375,0.021,NA,NA,NA
34,2019,1.355,0.339,1.493,1.968,1.697,0.579,NA,0.015,NA
35,2019,1.116,NA,1.666,2.032,0.813,0.508,0.001,0.016,NA
36,2019,NA,NA,NA,NA,NA,NA,NA,NA,NA
37,2019,0.052,NA,0.595,1.267,0.236,NA,NA,0.05,NA
38,2019,0.129,NA,0.597,0.689,0.293,NA,NA,NA,NA
39,2019,0.318,NA,0.464,1.242,1.048,0.078,NA,NA,NA
40,2019,0.585,NA,1.001,0.16,0.461,NA,NA,0.025,NA
41,2019,0.029,NA,NA,NA,NA,NA,NA,NA,NA
42,2019,0.052,NA,0.393,0.364,0.164,NA,NA,NA,NA
43,2019,0.306,NA,0.242,0.45,0.291,0.02,NA,NA,NA
44,2019,0.591,NA,1.094,0.887,0.147,0.236,NA,NA,NA
45,2019,0.592,NA,1.206,0.945,0.767,NA,NA,0.002,NA
46,2019,0.328,NA,0.122,0.309,0.383,0.009,NA,NA,NA
47,2019,0.256,NA,0.632,0.832,0.721,NA,NA,NA,NA
48,2019,0.263,NA,0.328,1.099,0.454,0.067,NA,NA,NA
49,2019,0.365,NA,0.646,0.6,0.613,NA,NA,NA,NA
50,2019,0.131,NA,0.147,NA,0.177,NA,NA,0.035,NA
55,2019,0.139,NA,0.179,0.067,0.204,NA,NA,NA,NA
67,2019,NA,NA,NA,NA,NA,NA,NA,NA,NA
81,2019,NA,NA,NA,NA,NA,NA,NA,NA,NA
752,2019,0.149,NA,NA,NA,NA,NA,NA,NA,NA
799,2019,0.383,NA,0.078,0.16,0.213,NA,0.047,NA,0.055
822,2019,1.032,NA,0.452,0.022,0.169,0.054,0.243,NA,0.473
823,2019,0.256,NA,0.35,0.08,0.074,NA,NA,NA,NA
824,2019,2.232,0.01,0.517,NA,0.303,0.159,0.328,NA,NA
843,2019,0.559,NA,0.269,0.036,0.597,0.022,0.19,NA,0.002
844,2019,0.07,NA,0.029,0.233,NA,NA,NA,NA,NA
845,2019,0.014,NA,NA,NA,NA,NA,0.042,NA,NA
846,2019,2.172,NA,0.215,NA,1.23,NA,0.48,NA,NA
864,2019,0.26,NA,0.011,0.04,NA,NA,0.056,NA,NA
865,2019,0.22,NA,NA,NA,0.042,NA,NA,NA,NA
866,2019,0.184,NA,0.088,NA,0.06,NA,0.253,NA,NA
884,2019,0.074,NA,0.076,0.139,0.027,NA,NA,NA,0.087
885,2019,0.032,NA,0.051,0.328,NA,NA,NA,NA,NA
886,2019,NA,NA,NA,0.065,NA,NA,NA,NA,NA
887,2019,0.094,NA,NA,0.062,NA,NA,NA,NA,NA
905,2019,0.006,NA,0.119,0.195,NA,NA,NA,NA,NA
906,2019,0.03,NA,NA,0.045,0.04,NA,NA,NA,NA
907,2019,NA,NA,NA,NA,NA,NA,NA,NA,NA
924,2019,0.186,NA,NA,0.135,0.072,NA,NA,NA,0.076
925,2019,0.42,NA,0.049,0.272,0.261,NA,NA,NA,NA
926,2019,0.03,NA,0.038,0.043,NA,NA,NA,NA,NA
927,2019,NA,0.011,NA,NA,NA,NA,NA,NA,NA
944,2019,0.005,NA,NA,0.068,NA,NA,NA,NA,0.008
945,2019,0.079,0.006,0.041,0.11,NA,0.031,0.011,NA,NA
946,2019,0.021,NA,NA,0.04,NA,NA,NA,NA,NA
963,2019,0.212,NA,NA,0.207,NA,NA,NA,NA,NA
964,2019,0.082,NA,NA,0.166,0.021,NA,NA,NA,NA
965,2019,0.053,NA,NA,NA,NA,NA,NA,NA,0.02
966,2019,0.719,NA,NA,NA,0.178,0.065,0.188,NA,NA
982,2019,0.153,NA,NA,0.014,0.076,NA,NA,NA,0.2
983,2019,0.71,0.101,NA,0.278,0.437,NA,NA,NA,0.252
984,2019,1.449,NA,NA,NA,0.071,NA,NA,NA,0.106
1001,2019,NA,NA,NA,0.118,0.029,NA,NA,NA,4.647
1002,2019,0.82,NA,0.129,0.116,0.11,0.009,0.149,NA,0.743
1003,2019,0.571,NA,NA,NA,0.036,NA,NA,NA,3.393
1004,2019,1.188,NA,NA,0.15,0.874,0.109,NA,NA,NA
1021,2019,0.407,NA,0.573,NA,0.066,0.042,0.116,NA,2.916
1022,2019,1.459,NA,0.032,NA,0.509,0.049,0.019,NA,0.015
1023,2019,2.98,NA,0.109,NA,0.432,0.088,NA,NA,3.522
1040,2019,1.039,0.161,1.583,0.493,0.984,NA,0.008,NA,NA
1041,2019,0.857,NA,0.626,NA,0.351,NA,0.235,NA,0.173
1042,2019,NA,NA,NA,NA,NA,NA,NA,NA,NA
1043,2019,1.83,NA,0.086,0.101,0.729,0.187,0.103,0,2.121
1059,2019,1.216,0.084,1.819,0.094,0.373,0.174,0.1,NA,NA
1060,2019,0.39,NA,0.077,NA,0.101,0.095,0.202,NA,NA
1061,2019,0.382,NA,NA,NA,0.18,NA,NA,NA,NA
1077,2019,0.181,NA,0.963,0.117,0.104,NA,NA,NA,0.041
1078,2019,0.529,NA,0.351,NA,NA,NA,NA,NA,0.064
1079,2019,0.098,NA,NA,NA,NA,NA,NA,NA,NA
1080,2019,1.583,NA,NA,NA,0.164,NA,0.048,0.002,NA
1097,2019,0.148,NA,0.065,NA,0.067,NA,NA,NA,NA
1098,2019,0.862,0.053,0.709,NA,0.075,0.114,0.018,NA,0.755
1099,2019,0.931,NA,0.22,NA,NA,NA,0.062,NA,NA
1115,2019,0.049,NA,0.001,NA,0.108,NA,NA,NA,NA
1116,2019,0.38,NA,0.248,NA,0.478,NA,NA,NA,NA
1117,2019,0.638,NA,0.633,0.257,0.297,NA,0.02,NA,0.988
1118,2019,2.502,NA,1.212,0.235,1.046,NA,0.292,NA,0.029
1134,2019,NA,NA,NA,NA,NA,NA,NA,NA,NA
1135,2019,0.11,NA,0.014,NA,0.035,NA,0.006,NA,0.01
1136,2019,0.866,NA,0.347,0.018,0.086,0.302,0.256,0,0.051
1152,2019,0.314,NA,0.036,NA,0.092,NA,0.102,NA,0.095
1153,2019,NA,NA,NA,NA,NA,NA,NA,NA,NA
1154,2019,NA,0.009,0.057,NA,0.045,NA,NA,NA,0.082
1155,2019,0.101,NA,0.06,0.211,0.13,NA,NA,NA,NA
1171,2019,0.066,NA,NA,NA,0.073,NA,NA,NA,0.002
1172,2019,0.026,NA,NA,NA,NA,NA,NA,NA,NA
1173,2019,0.026,NA,NA,0.032,0.041,NA,NA,NA,NA
1189,2019,0.188,NA,0.02,NA,0.087,NA,NA,NA,NA
1190,2019,NA,NA,NA,NA,NA,NA,NA,NA,NA
1191,2019,NA,NA,NA,NA,NA,NA,NA,NA,NA
1192,2019,0.205,NA,NA,NA,NA,NA,NA,NA,NA
1208,2019,0.428,0.01,0.256,NA,NA,NA,0.056,NA,0.205
1209,2019,NA,NA,NA,NA,NA,NA,NA,NA,NA
1210,2019,0.017,NA,NA,NA,0.138,NA,NA,NA,NA
1227,2019,NA,NA,NA,NA,0.005,NA,NA,NA,NA
1228,2019,NA,NA,NA,NA,NA,0.045,0.018,NA,0.011
1229,2019,NA,NA,NA,NA,NA,NA,NA,NA,NA
1230,2019,0.051,NA,NA,0.033,0.028,NA,NA,NA,NA
1246,2019,NA,NA,NA,NA,NA,0.017,0.017,NA,0.002
1247,2019,NA,NA,NA,NA,NA,NA,NA,NA,NA
1262,2019,NA,NA,NA,NA,NA,NA,NA,NA,NA
1263,2019,NA,NA,NA,NA,NA,NA,NA,NA,NA
1264,2019,NA,NA,NA,NA,NA,NA,NA,NA,NA
1279,2019,NA,NA,NA,NA,NA,NA,NA,NA,NA
1291,2019,NA,NA,NA,NA,NA,NA,NA,NA,NA
331,2019,NA,NA,NA,NA,NA,NA,NA,NA,NA
372,2019,NA,NA,NA,NA,NA,NA,NA,NA,NA
455,2019,NA,NA,NA,NA,NA,NA,NA,NA,NA
497,2019,NA,NA,NA,NA,NA,NA,NA,NA,NA
519,2019,NA,NA,NA,NA,NA,NA,NA,NA,NA
543,2019,NA,NA,NA,NA,NA,NA,NA,NA,NA
567,2019,0.066,NA,NA,NA,0.137,NA,NA,NA,NA
592,2019,NA,NA,NA,NA,NA,NA,NA,NA,NA
593,2019,NA,NA,NA,NA,NA,NA,NA,NA,NA
617,2019,NA,NA,NA,NA,NA,NA,NA,NA,NA
642,2019,NA,NA,NA,NA,NA,NA,0.001,NA,NA
666,2019,NA,NA,NA,NA,NA,NA,NA,NA,NA
691,2019,NA,NA,NA,NA,NA,NA,NA,NA,NA
692,2019,NA,NA,NA,NA,NA,NA,NA,NA,2.042
717,2019,NA,NA,NA,NA,NA,NA,NA,NA,0.28
718,2019,0.046,NA,NA,NA,NA,NA,NA,NA,17.789
719,2019,0.133,0.213,NA,NA,0.617,NA,0.017,NA,17.857
720,2019,0.012,NA,NA,NA,0.016,NA,NA,NA,0.028
721,2019,0.559,0.02,0.026,0.049,0.565,NA,0.014,NA,NA
722,2019,0.493,0.076,0.331,0.811,1.334,0.16,0.101,NA,NA
723,2019,0.106,NA,NA,0.03,0.185,NA,NA,NA,0.002
724,2019,0.015,NA,NA,0.03,0.025,NA,NA,NA,NA
742,2019,0.529,NA,NA,NA,0.098,NA,0.007,NA,7.666
743,2019,NA,NA,NA,NA,NA,NA,NA,NA,6.841
744,2019,0.269,1.493,0.108,NA,0.202,NA,0.352,NA,8.951
745,2019,0.012,NA,NA,NA,0.122,NA,NA,NA,NA
746,2019,0.257,0.047,NA,NA,0.459,NA,NA,0.001,0.047
747,2019,0.925,0.08,NA,0.133,0.99,0.039,NA,NA,NA
748,2019,NA,NA,NA,NA,NA,NA,NA,NA,NA
749,2019,0.102,NA,NA,0.031,0.054,NA,NA,NA,NA
766,2019,NA,NA,NA,NA,NA,NA,NA,NA,0.942
767,2019,0.033,NA,NA,NA,0.029,NA,NA,NA,2.006
768,2019,0.457,0.513,NA,NA,NA,NA,0.19,NA,6.089
769,2019,0.245,0.139,NA,NA,NA,NA,NA,NA,12.466
770,2019,0.175,NA,NA,NA,0.338,NA,NA,NA,NA
771,2019,0.869,NA,NA,0.461,1.495,NA,NA,NA,0.423
772,2019,0.025,NA,0.001,NA,NA,NA,NA,NA,NA
773,2019,0.046,NA,NA,NA,NA,NA,NA,NA,NA
790,2019,NA,NA,NA,NA,NA,NA,NA,NA,NA
791,2019,0.36,0.273,0.242,NA,0.295,NA,0.026,NA,8.296
792,2019,0.033,0.036,NA,NA,0.039,NA,NA,NA,1.267
793,2019,0.813,NA,NA,NA,1.354,NA,0.099,NA,NA
794,2019,1.227,NA,NA,0.186,1.918,NA,0.033,NA,NA
795,2019,NA,0.011,NA,NA,NA,NA,NA,NA,NA
796,2019,0.089,NA,NA,0.091,0.117,NA,NA,NA,NA
813,2019,NA,NA,NA,NA,NA,NA,NA,NA,NA
814,2019,0.176,NA,NA,NA,0.066,NA,NA,NA,12.461
815,2019,0.094,NA,NA,NA,0.462,NA,NA,NA,0.54
816,2019,0.522,NA,NA,NA,0.418,NA,NA,0,NA
817,2019,0.54,NA,NA,0.71,0.689,NA,NA,NA,NA
818,2019,0.06,0.026,NA,NA,NA,NA,NA,NA,NA
835,2019,NA,0.309,NA,NA,NA,NA,NA,NA,3.945
836,2019,0.089,0.03,NA,NA,0.02,NA,NA,NA,9.213
837,2019,0.145,NA,NA,NA,0.088,NA,NA,NA,NA
838,2019,0.736,NA,NA,0.002,1.052,NA,NA,NA,0.054
839,2019,NA,NA,NA,NA,0.116,NA,NA,NA,NA
840,2019,1.586,NA,0.061,0.392,0.098,0.239,0.021,NA,NA
856,2019,0.332,0.014,0.218,NA,0.852,NA,0.155,NA,5.15
857,2019,NA,NA,NA,NA,NA,NA,NA,NA,1.17
858,2019,NA,NA,NA,NA,0.05,NA,NA,NA,NA
859,2019,0.453,0.044,NA,0.131,0.318,NA,NA,NA,NA
860,2019,0.359,0.006,NA,NA,0.068,NA,NA,NA,NA
876,2019,NA,NA,NA,NA,NA,NA,NA,NA,0.389
877,2019,0.017,NA,NA,NA,0.049,NA,NA,NA,3.886
878,2019,NA,NA,NA,NA,NA,NA,NA,NA,0.475
879,2019,NA,0.066,NA,NA,0.043,NA,NA,NA,NA
880,2019,0.245,0.009,NA,NA,0.371,0.063,0.002,NA,NA
881,2019,1.93,0.007,NA,0.154,0.321,0.125,NA,NA,NA
897,2019,NA,0.12,NA,NA,0.307,0.049,NA,NA,1.237
898,2019,NA,NA,NA,NA,0.074,NA,NA,NA,9.09
899,2019,NA,NA,NA,NA,NA,NA,NA,NA,NA
900,2019,NA,NA,NA,NA,0.008,NA,NA,NA,NA
901,2019,0.928,0.013,NA,0.153,0.594,0.053,NA,0.001,NA
917,2019,0.37,0.537,0.114,NA,0.082,NA,NA,NA,5.838
918,2019,0.824,0.356,0.025,NA,0.063,NA,0.059,NA,7.922
919,2019,NA,NA,NA,NA,NA,NA,NA,NA,0.109
920,2019,0.071,NA,NA,NA,0.109,NA,NA,NA,NA
921,2019,0.456,NA,NA,0.229,0.193,NA,NA,0,NA
725,2019,NA,NA,NA,NA,NA,NA,NA,NA,NA
726,2019,NA,NA,NA,NA,NA,NA,NA,NA,NA
727,2019,0.321,NA,NA,0.005,0.061,0.106,NA,NA,NA
750,2019,NA,NA,NA,NA,NA,NA,NA,NA,NA
751,2019,0.018,NA,NA,0.065,NA,0.017,NA,NA,0.025
774,2019,0.224,NA,NA,0.14,0.073,NA,NA,NA,0.009
775,2019,0.57,NA,NA,NA,0.039,NA,0.125,NA,0.45
776,2019,0.632,0.007,0.281,0.098,0.461,0.015,0.412,NA,0.035
797,2019,0.78,NA,0.071,0.054,0.637,NA,0.499,NA,NA
798,2019,0.855,NA,0.166,NA,0.483,NA,0.476,0.006,0.078
819,2019,1.345,0.003,NA,0.551,0.211,NA,0.016,NA,NA
820,2019,1.522,0.024,0.169,0.125,0.3,NA,0.506,NA,0.009
821,2019,0.844,0.102,0.334,0.104,0.128,NA,0.131,NA,NA
841,2019,0.139,0.029,NA,NA,0.06,NA,NA,NA,NA
842,2019,0.641,NA,NA,0.308,0.092,0.16,NA,NA,0.015
861,2019,0.594,NA,NA,0.176,NA,0.213,0.001,NA,NA
862,2019,0.039,NA,0.007,0.047,NA,NA,NA,NA,NA
863,2019,0.162,NA,NA,NA,0.012,NA,NA,NA,NA
882,2019,0.148,NA,NA,0.115,0.011,NA,NA,NA,NA
883,2019,NA,NA,NA,0.293,NA,NA,NA,NA,NA
902,2019,0.576,0.023,0.004,0.633,0.236,0.078,0.001,NA,NA
903,2019,0.108,0.006,NA,NA,0.079,NA,0.004,NA,0.421
904,2019,0.19,0.016,NA,0.166,0.099,0.008,NA,0.001,0.865
922,2019,0.285,0.019,NA,0.795,0.586,0.011,NA,0,0.004
923,2019,0.448,0.007,0.056,0.543,0.23,0.002,0.06,NA,0.048
941,2019,0.229,NA,NA,0.472,0.114,NA,NA,NA,NA
942,2019,0.485,NA,0.166,0.773,0.598,0.032,NA,NA,NA
943,2019,0.332,NA,0.011,0.243,0.317,NA,NA,NA,NA
961,2019,0.368,0.015,NA,0.496,0.539,NA,NA,NA,NA
962,2019,0.235,NA,0.012,0.847,0.205,0.017,0.005,NA,0.066
980,2019,1.404,0.13,0.143,0.829,0.884,0.07,NA,NA,0.048
981,2019,0.168,0.012,0.054,0.445,0.106,NA,NA,NA,1.691
999,2019,1.032,NA,0.136,0.215,0.635,0.04,0.087,0.001,0.716
1000,2019,0.415,0.044,0.002,0.202,0.22,NA,NA,NA,1.407
1019,2019,2.573,NA,1.592,0.053,1.265,0.477,0.222,0,0.41
1020,2019,1.493,0.009,1.125,0.191,1.052,0.486,0.06,NA,0.269
1038,2019,1.154,0.056,1.114,1.271,0.529,0.153,0.14,NA,0.074
1039,2019,1.395,NA,1.59,NA,0.666,0.215,NA,0.025,0.001
1057,2019,2.047,NA,1.87,0.319,0.226,0.188,0.035,NA,0.007
1058,2019,0.502,NA,0.888,0.043,NA,NA,0.102,NA,NA
1075,2019,0.791,NA,0.519,0.093,0.258,0.174,0.192,NA,0.001
1076,2019,1.831,0.173,1.147,0.262,0.564,0.093,NA,NA,0.014
1095,2019,1.149,NA,1.887,0.323,0.657,0.234,0.044,NA,0.07
1096,2019,0.671,NA,0.591,NA,0.072,0.322,0.192,NA,0.332
1113,2019,0.42,NA,0.213,0.295,0.071,NA,NA,NA,0.02
1114,2019,0.78,0.008,0.722,0.186,0.205,NA,NA,NA,0.611
1132,2019,0.068,0.036,0.417,NA,0.046,NA,0.025,NA,0.035
1133,2019,0.505,0.036,0.462,0.232,0.375,NA,0.043,NA,0.057
1150,2019,0.02,NA,NA,0.298,0.033,NA,NA,NA,0.177
1151,2019,0.142,NA,0.416,0.133,0.181,NA,0.085,NA,0.264
1169,2019,0.044,NA,NA,NA,NA,NA,NA,NA,0.598
1170,2019,0.358,NA,0.319,0.105,0.147,0.031,NA,NA,0.129
1187,2019,0.1,NA,0.057,NA,NA,NA,NA,0.001,0.146
1188,2019,NA,NA,0.005,NA,NA,NA,NA,NA,NA
1206,2019,0.06,NA,0.039,NA,NA,NA,0.019,NA,0.07
1207,2019,NA,NA,NA,NA,NA,NA,NA,NA,0.033
1225,2019,NA,NA,NA,NA,NA,NA,NA,NA,NA
1226,2019,NA,NA,NA,NA,NA,NA,NA,NA,NA
1244,2019,NA,NA,NA,NA,NA,NA,NA,NA,NA
1245,2019,NA,NA,NA,NA,NA,NA,NA,NA,NA
1260,2019,NA,NA,NA,NA,NA,NA,NA,NA,NA
1261,2019,NA,NA,NA,NA,NA,NA,NA,NA,NA
1277,2019,NA,NA,NA,NA,NA,NA,NA,NA,NA
1278,2019,NA,NA,NA,NA,NA,NA,NA,NA,NA
1290,2019,NA,NA,NA,NA,NA,NA,NA,NA,NA
1310,2019,NA,NA,NA,NA,NA,NA,NA,NA,NA
