hex_id,human_km2
1332,0.15466885568280253
1333,0
1334,149.62199556689671
1335,6.420198922840042
1336,0.8507434092872966
1337,14.27047765561402
1338,14.625787427512275
1339,15.819043774565321
1340,7.541752520274527
1341,212.2615489734032
1342,2.7723889006466043
1343,63.1260775010597
1344,2.4510118867267576
1345,18.017277234258497
1346,8.270546193024432
1347,4.371898867362357
1348,0.4496640730253748
1349,12.805192055083724
1350,6.7081715679019
1351,16.71799402154402
1352,7.251573264144133
1353,10.275943078899353
1354,21.583822625516763
1355,17.40261220686096
1356,18.198891182847163
1357,17.433603368496197
1358,74.571432442039
1359,63.665451574530636
1360,29.987953069726984
1361,10.629826663976349
1362,248.27745690373132
1363,16.676416471245354
1364,33.36904025139542
1365,24.246958837459488
1366,97.63229337305825
1367,60.662396840654786
513,46.6794628320311
514,149.38494810493762
515,98.34217615681877
535,32.987446136294096
536,187.6173060551733
537,121.79066768197205
538,100.84397136596358
559,31.67792194873457
560,100.09392643902639
561,348.7731019362046
583,30.517543732422947
584,67.11060588280108
585,301.535039313143
586,107.72524296070117
609,51.92003476222099
610,455.82315170604346
611,1125.7141259433374
633,58.7618126784418
634,198.69667924943315
635,4776.16405326331
636,178.12020590594977
658,56.47373631744495
659,2401.2496261207466
660,2809.666325014908
682,50.188731681423896
683,387.6711203477505
684,10301.50794273832
685,582.9883321420906
708,92.16706715854443
709,992.7371537446821
710,733.620504429127
733,86.83856002857712
734,340.8811140619369
735,838.7059436609308
736,78.89105263928943
758,149.68131459741582
759,113.97528965999071
760,263.6491997268623
782,48.918323066384765
783,68.94537127048982
784,143.07570196398757
785,55.668480903602855
805,80.92494733705976
806,38.4130005904643
807,89.6201916427328
827,115.0770507400683
828,95.03350072764371
829,50.73123397635977
830,33.41082243216365
849,24.04071334148287
850,25.61567997082228
851,76.07701562317415
869,19.823564091403192
870,64.99485243189444
871,15.349103237868592
872,37.8605107976967
516,113.72944189014804
517,46.71354356836322
518,168.60309324019468
539,48.494844077171976
540,49.06179491527101
541,52.148483754054794
542,189.8325716968945
562,53.65680661980701
563,37.70182266026261
564,86.8994412302998
565,165.31646495255043
566,364.157506015528
587,57.57815166923413
588,55.99767307388383
589,41.27358524134515
590,86.74708851817256
591,606.0664809878857
612,177.61227441072137
613,40.680843678009715
614,95.66222079852093
615,51.816131912549075
616,111.63963806474015
637,69.77027695936634
638,130.34253044252102
639,33.46002303516041
640,71.62076374751962
641,168.0955543345314
661,171.960497569487
662,59.233085530758515
663,87.43543496606836
664,55.1578017353916
665,183.8414013431545
686,62.777037794291545
687,259.3614824889023
688,50.426382554689745
689,200.81286677926317
690,588.2932078754459
711,146.14382767010648
712,68.36032450505718
713,67.16634967141505
714,486.93826606443264
715,163.40069657886806
716,558.7903430274715
737,65.2072035217897
738,65.93567962754213
739,301.8750532987103
740,307.95082335607816
741,80.93730457732306
761,214.61456208955354
762,73.04668004493183
763,58.17028847635216
764,966.9089620640976
765,524.5444991861656
786,126.95948116286503
787,60.99858229977716
788,308.52353713278944
789,2044.3789340365804
808,144.86108400768697
809,161.21224946294944
810,176.33803305644437
811,369.5236633443968
812,3221.424900977278
831,76.9373080354746
832,217.553718160486
833,403.9216614817622
834,491.34596545602403
852,57.17169386311889
853,36.80933027656633
854,118.29979119866309
855,725.3908502140218
873,77.65302494821427
874,43.47177819922508
875,147.8119907274485
892,91.9879821188453
893,56.751619149914305
894,30.25804093458901
895,79.52450029717455
896,51.487502670048634
912,26.281837522146883
913,515.8414088885513
914,18.901745295949457
915,81.92268410808198
916,341.70593134804653
932,52.27155560905442
933,49.455398117701854
934,16.971000493376415
935,61.93975736421534
951,27.84162534172865
952,36.26747320075132
953,38.434981265981236
954,22.011435345541802
955,30.85197718137725
68,131.99961843113277
69,205.72392239267333
74,398.8051544897037
75,79.92546983611436
76,87.86664792175586
82,54.85796313171484
83,545.5113175093969
84,759.7331295866617
85,141.5270037796496
86,100.7182501341246
91,7.978503937283894
92,423.65248292531766
93,74.50154633250442
94,101.30271420426592
95,117.21936955050813
96,83.66096248533063
104,35.81739616225891
105,146.087517998693
106,20.937912641492385
107,4.765717830976249
109,64.26265632917712
110,89.46603632765594
111,104.45110866098334
112,971.6339093382431
119,9.48055222835524
120,42.80079474924901
121,60.561394000889855
122,35.35041307049754
123,31.891961392576412
124,20.44238840934672
125,1.5318586617778742
126,91.50241624934901
127,89.84512099046246
128,233.21523799230636
129,136.77320485167763
137,0.33947596560619325
138,27.406331699024076
139,154.60333775921865
140,9.481234020508033
141,41.64397121470059
142,369.49250772035856
143,30.45561560384954
144,33.07466592416735
145,104.85168201950955
146,1101.8468900091011
147,68.67875365048312
148,84.5306591158346
149,237.7195286333179
157,10.137152341313106
158,65.47010529860506
159,84.83117023523673
160,8.102596436125625
161,35.16853277332648
162,13.744475889425736
163,22.042959569774712
164,221.78577169249874
165,243.64380860980773
166,118.98962050240765
167,60.21238155115391
168,112.39392808613854
176,4.659161854351251
177,31.875775949623286
178,41.92266892184238
179,23.937118663157786
180,11.32775393088711
181,62.60033247647295
182,45.43385476756625
183,41.82486346535901
184,74.76097853115755
185,100.88877190185518
186,66.78125445673376
187,98.14057751810195
188,113.75781145208119
196,1.7074231912388256
197,40.72653404601473
198,71.14547113804775
199,49.348427546254314
200,6.574140105681724
201,37.4120219442112
202,1222.2233817047168
203,89.08315019594009
204,52.476496544165364
205,68.17568920520945
206,69.98482315802846
207,47.46351102428956
208,205.81742678168047
216,6.290519814718423
217,380.7087238120624
218,37.85985442996631
219,77.10476782785236
220,7.469487882261472
221,313.60805477553674
222,148.08138393273077
223,38.67022301700945
224,128.30148406513956
225,46.25165851914637
226,78.34947633770838
227,62.865700269354285
228,63.207033425442916
235,0.4162936477339678
236,49.814795173465505
237,62.38590337125693
238,46.24836718758913
239,3.616532246817665
240,57.90171092330086
241,447.936222303817
242,51.56114354814814
243,53.13968615244119
244,38.474422202100165
245,251.71712266053578
246,33.127419826351954
247,37.96361661283798
254,31.669607554814892
255,110.03896990163548
256,38.62727185158895
257,25.37163198189467
258,23.20359859294685
259,101.60926073994028
260,110.23667072476096
261,39.59737799132401
262,105.98063476791005
263,27.254633072662322
264,48.65107050182273
265,48.04760902871899
266,58.10083302160931
273,1.7964382734688686
274,104.85418141263106
275,32.20096327492506
276,24.69815488124485
277,4.2872051862616685
278,77.04915951419665
279,125.69592788805068
280,27.007784360761065
281,63.704946769521676
282,17.75295371760545
283,96.9749827861222
284,54.24627293984809
285,48.039608998356684
292,10.428541151626261
293,201.40084856196708
294,17.45619868303847
295,14.906011735247011
296,31.036981724205273
297,35.543168329889475
298,60.66860137485752
299,28.14442934099813
300,41.82399656633657
301,32.32951335485771
302,33.04470122473093
303,30.05376173408538
304,91.03239343149436
311,8.581323147797521
312,64.71653585853053
313,20.937413259026084
314,22.802901064743285
315,28.279083580784903
316,88.78186344448714
317,72.58712693273495
318,25.190737595531928
319,276.6780357118539
320,42.209374169556725
321,29.97914585447219
322,53.18879109147386
323,34.06120334105124
332,13.040409293562735
333,20.705141312650003
334,15.470139457786214
335,36.562650373449735
336,73.83217944971109
337,34.959265784122756
338,35.241670519065096
339,22.102851909097094
340,71.40403514953775
341,27.318573879349415
342,134.0311614742965
343,28.690779080833916
344,77.9627164232822
352,9.29412831379026
353,51.31233121724281
354,36.07080578969555
355,20.770802140762164
356,120.35106513086338
357,25.281223024009435
358,134.00295505895514
359,45.85267691884275
360,33.05509729047797
361,18.48752880542718
362,30.81921367561942
363,287.4780359802727
364,23.860945993589077
373,25.366209046465883
374,18.73244100171438
375,74.98018448225675
376,28.07104152006476
377,115.97857501570806
378,24.584278314041878
379,74.47649260593975
380,17.5548320651053
381,36.03163962786897
382,14.646398353223837
383,76.66989048950968
384,126.72012440166215
385,51.99296374917125
393,0.9445194360234136
394,69.94751050037758
395,26.599254081139737
396,23.56468946880678
397,129.0314712667603
398,27.15753167940318
399,31.74192157277112
400,192.94019606236964
401,22.108245818779796
402,26.858771959257936
403,18.696200492758233
404,31.720007466937005
405,48.35918040581507
414,15.597354713960133
415,20.99176925521255
416,48.16404415142632
417,40.571085184804815
418,39.82957122043309
419,23.938141682447487
420,35.75730871447843
421,25.633587527056566
422,51.07008432157366
423,12.00325639256049
424,22.419487008710686
425,19.24943912015839
426,71.39996154151736
434,2.583117394679366
435,62.06985162150147
436,119.88326638364393
437,34.36899361072358
438,42.37684643449351
439,51.97126018409685
440,33.824029160388406
441,24.6377535603507
442,22.77138131803791
443,40.964804149172856
444,10.811334887842598
445,25.02268118587816
446,36.7521144360837
456,35.00553312746528
457,119.27873064724689
458,279.07275770222384
459,166.1376026157997
460,20.35516939414658
461,25.64162200135644
462,47.653367559254164
463,30.856491678864394
464,414.3934731691158
465,24.890699530018658
466,12.313521206500896
467,12.118939708977413
468,37.23278974735859
476,7.288571837923953
477,27.619655122850993
478,1013.2497228211513
479,182.31555503281788
480,29.12758140140668
481,46.279497257273235
482,51.76816988667564
483,42.8194104084402
484,34.485841221621236
485,114.90877670275214
486,12.970082190758008
487,8.374727014269395
488,16.923133963460376
498,65.04141150831342
499,93.08133363766153
500,993.3793226582931
501,135.89444594524537
502,63.59266466777154
503,25.612102973250273
504,131.50128559451315
505,28.710479536029275
506,93.87320999768178
507,35.31606170391395
508,31.309895227277124
509,33.7764360825971
510,31.084164064362177
520,23.153166306564156
521,113.12364549730371
522,178.66677863817858
523,79.93563947551596
524,41.171586880074365
525,11.389337265761771
526,37.76511728435291
527,84.80991130258994
528,22.739829981220403
529,19.86554078768169
530,20.637675397130838
531,29.0280130137319
532,18.387996268953856
544,41.90986807761526
545,40.237160186304756
546,77.92599346398893
547,14.369039502871876
548,16.212407477640397
549,28.61473749287874
550,29.390563443545467
551,18.956722181860265
552,13.528731365135094
553,41.23253985572663
554,19.80759794959504
555,185.47974813712193
556,42.38652605123521
568,9.538762627714078
569,18.03378871690581
570,79.62234919519615
571,122.85778191377995
572,19.21611336094759
573,49.478385235856386
574,37.0345878794946
575,59.78443778886019
576,7.869719225253447
577,13.842142401961846
578,19.89202682370189
579,25.065359477788036
580,15.302597300695618
594,24.538999183931345
595,71.65447575263846
596,52.938771747388884
597,98.95717219261128
598,62.36774619114795
599,23.685382342670177
600,18.270789781367462
601,21.79909760040292
602,7.765845533822412
603,34.641165526663244
604,28.587573724064782
605,50.72858869850536
606,81.35521722305738
618,10.281968875392508
619,115.16534208006647
620,125.37064441029611
621,217.64674452850295
622,21.87657670190967
623,62.66056582999465
624,19.770064682720896
625,9.927256390337579
626,11.944385516516498
627,29.790281665586736
628,13.384890210741426
629,12.590225946639523
630,48.53660081610623
643,12.932196453136791
644,63.54037374390712
645,65.52395119718466
646,20.47462324152176
647,38.79208149631926
648,19.39878895962231
649,19.748270597037518
650,40.51444570075707
651,7.968655847928995
652,14.410099526104327
653,17.66132579258252
654,23.692748565187117
655,29.544420123751756
667,20.23035217389969
668,64.98079552579567
669,49.9964424255334
670,12.919251765427758
671,49.08503152745313
672,18.20399332972177
673,91.09414744238786
674,18.029449560482444
675,11.749025885349447
676,12.806943127659673
677,107.10156834289234
678,35.71248664358876
679,235.55323301658947
693,6.484934007546474
694,37.31199399636669
695,17.674923382073878
696,14.235231743103073
697,129.4697291239559
698,15.91236576555606
699,6.638401221783824
700,13.72561502829356
701,12.92421892094921
702,23.998816009567236
703,18.365691247509613
704,19.985023184054963
705,24.170539580245332
99,335.7910786702665
100,93.80652441744569
101,249.33224633357852
102,117.20680926556533
103,8.17582478090745
115,377.4210041726951
116,87.66965314243951
117,66.83619025638819
118,96.43594177961246
132,554.8789381828867
133,44.68622507388397
134,213.88584659498127
135,86.19068165932094
136,65.83818150615647
152,96.98716121820628
153,80.72700607047433
154,93.19573053680894
155,38.65027488541994
156,292.91397268449435
171,121.15575588749441
172,101.05398723496023
173,81.54650877569098
174,73.9678389656068
175,65.39698965416093
191,45.899699525837974
192,52.70533380709768
193,49.790403888778826
194,45.174828768712224
195,70.61090938391273
211,128.55112394583716
212,35.541939053988294
213,62.7144021400094
214,107.61910996654697
215,92.79126084202458
231,50.73344022398945
232,27.251155063323775
233,46.25130525115191
234,66.63995742545882
250,123.08402725485558
251,32.68258799398366
252,86.73196317413931
253,75.44017585235217
269,59.201317001150585
270,57.871283973853494
271,43.406166805887594
272,187.38570986105447
288,35.690022761497154
289,28.550927642052926
290,36.75827701922998
291,593.6331416061902
307,30.888147675738338
308,28.580803321753052
309,72.69877490084014
310,316.4705280957369
326,67.67799325935452
327,104.79586938008538
328,50.04406061636734
329,101.94376034289242
330,NA
347,46.698868251932886
348,28.014539148138855
349,36.16085109323066
350,114.60767996429352
351,135.48207065182334
367,134.91292146771613
368,29.960788427683717
369,21.253601972816142
370,101.90576629798538
371,616.8580286835675
388,40.258319582847726
389,24.55092282012807
390,39.172756380219504
391,109.4603626899192
392,132.03349769309452
408,81.5404051389212
409,38.408470750266055
410,56.577225126357526
411,58.27865904118742
412,150.5408327887006
413,56.91283471389358
429,66.46649566839683
430,28.632794951938745
431,44.027007420605656
432,73.38413401680062
433,90.56050438169301
449,17.511572978409323
450,36.99306868892523
451,49.16874159331001
452,115.91156384265516
453,194.52992508594113
454,84.05057177208423
471,26.660155801772124
472,37.994305682802086
473,178.49960202307403
474,762.9801797057728
475,73.9954192606176
491,63.19116723145167
492,50.37574938097281
493,96.19500103370058
494,180.5803519380589
495,215.89825589479858
496,177.64314018658533
51,108.69632476143352
52,381.37413311152307
53,48.097775080450575
54,76.18737392352138
56,101.18788632845047
57,80.10753386425922
58,61.95798253201922
59,59.74527720759839
60,422.58690042075654
61,13.583742693919353
62,173.90114847603738
63,371.8099871934945
64,91.48094220910669
65,60.63594584320649
66,61.54969945559639
70,103.5507070078396
71,54.329771940129675
72,47.24654404072536
73,67.0282162114289
77,222.78760777044604
78,107.01089742501968
79,51.1142712276215
80,92.45824954150184
87,74.86163540154398
88,67.79941809370787
89,128.5619530047728
90,251.97913463705194
97,126.40245755546465
98,42.59669701958245
113,79.82151784718633
114,103.8292163565821
130,463.7523380048206
131,56.21411614229215
150,53.182539442732995
151,69.82396239646408
169,133.39581007340962
170,37.44974596767032
189,46.55819108805683
190,41.42353960859504
209,85.9845049885227
210,54.56700435830278
229,139.33767990923084
230,97.61932129838918
248,409.44280165892513
249,48.430761351896884
267,276.6667353737695
268,57.1453055004292
286,82.72142928370448
287,69.95077272601951
305,42.44657046213278
306,48.08647680701505
324,51.40936992078745
325,59.61546121200249
345,25.284381905335515
346,430.9515012950362
365,47.299624311081395
366,71.31406284224957
386,34.87074674289566
387,54.837679144931386
406,679.4845262721047
407,30.244191847479552
427,48.62140429218992
428,31.602269503532597
447,161.55285248684694
448,66.80701085048864
469,29.477798095188735
470,31.51240664521892
489,54.361936811517566
490,36.93934985788248
511,179.30363960636825
512,22.822256606799108
533,32.62469926099099
534,77.87946163984307
557,17.685934201862686
558,83.22741298676898
581,43.039662339422456
582,185.89676738145246
607,38.782432920615484
608,531.5221016576439
631,12.672594447470777
632,83.30409848773283
656,15.171463624828782
657,50.217915243699174
680,24.764340501715875
681,53.060720933672386
706,60.49513362476015
707,125.8772774156212
728,59.234016351510306
729,13.77381333953972
730,22.726716306830326
731,31.814960001953324
732,31.270676793372125
753,15.936306465739326
754,20.034961417128237
755,41.47104656053365
756,24.088366538092888
757,48.323830545593374
777,14.722303695635132
778,19.259239565471333
779,148.59124700989386
780,38.110823769718664
781,16.7201419302327
800,107.5159125753566
801,78.0995238055599
802,12.912532048967186
803,17.360607363853273
804,39.66894975051476
825,17.806334992695742
826,51.11319257722706
847,19.67753492345209
848,85.2054036105419
867,24.169470011141165
868,113.0342703828497
888,21.76558053720038
889,40.653822707121144
890,31.935323315265038
891,23.90207689550522
908,27.249004692619447
909,19.533574947654806
910,28.73511520869388
911,34.89913891157805
928,13.801000193272396
929,9.098198940085712
930,379.5653958136507
931,18.269907994818844
947,26.467686823332297
948,13.948931590541026
949,26.395641307880474
950,14.21956684183704
967,34.60087308048799
968,18.81272000849674
969,29.113334857884922
970,29.81567181444142
971,87.32941594436944
972,17.675060635560435
973,27.131402701419695
985,12.871476823636076
986,16.718922108924758
987,13.075213057798184
988,20.586334767470355
989,35.20881338399539
990,27.37649212799049
991,26.085252334554852
992,66.95106711770553
1005,7.001790667940776
1006,8.410842159952486
1007,20.90211112845852
1008,39.9573244074545
1009,13.56367616453339
1010,23.063854626877863
1011,233.9045478806576
1012,84.66480469730547
1024,38.682567459751866
1025,5.348617579741304
1026,23.779442904593346
1027,22.66043236899694
1028,41.12419966559167
1029,13.073041155062263
1030,21.116470289193412
1031,34.552580121182494
1044,28.198137160920016
1045,9.680209377851428
1046,14.928323534026205
1047,77.57933868866616
1048,11.423102473172724
1049,14.620221307959213
1050,76.21701235670506
1062,85.30102637985223
1063,13.916739282209283
1064,58.662156761891026
1065,17.165009840702535
1066,63.64450806914876
1067,59.27851855127454
1068,32.513480484317704
1081,18.151930068763512
1082,45.303328806466986
1083,13.083059145873452
1084,24.49905083529604
1085,22.606498632410258
1086,13.52098744833104
1087,23.641724624176913
1100,42.57606949539146
1101,21.775080344831522
1102,12.829950904028463
1103,10.010625941330916
1104,55.660055626513
1105,22.99459561519501
1106,123.11895601427159
1119,20.861929944086185
1120,17.40866350379096
1121,34.3735586954658
1122,60.70011443111238
1123,23.039518750548403
1124,61.14292643333222
1137,25.601362281466475
1138,14.852665266240377
1139,27.28487556310875
1140,23.405096308559404
1141,22.348052424036002
1142,110.93591177358287
1143,460.2125090450968
1156,29.44952091459674
1157,20.667256011344364
1158,49.74418467764673
1159,371.6645047159508
1160,138.5399078544234
1161,435.5117853616773
1174,70.56392868221226
1175,43.177708951319254
1176,19.416546387513428
1177,54.88515233581578
1178,354.5297867131168
1179,578.9785679839855
1180,93.63277049402726
1193,59.701791094744785
1194,42.06089801538128
1195,114.430272237623
1196,319.72273634350785
1197,47.743952241758876
1198,93.38935481225893
1211,35.099357568400286
1212,85.59234226914994
1213,155.7233771883627
1214,27.499978463898536
1215,33.833481735964455
1216,96.81740504247719
1217,43.55071962587005
1231,57.75749686177818
1232,45.369285471431056
1233,64.52401529448866
1234,65.61753328981771
1235,67.05754715303776
1236,130.2622940860819
1248,83.92905341616802
1249,122.49393793476031
1250,73.58220827710478
1251,51.15264596031794
1252,24.03521803574214
1253,366.2162154548374
1265,440.05029803141497
1266,62.63020473731735
1267,137.0380388750086
1268,39.80390823866549
1269,80.24053538744599
1280,44.747887259063106
1281,112.50822250581199
1282,80.66515992226593
1283,54.2861331128279
1284,101.54318975685626
1285,215.08362353011313
1292,100.71362765618393
1293,207.30803009324958
1294,72.0513047116394
1295,54.10312636690496
1296,61.510828639668006
1302,6.959603165128719
1303,697.0541803747684
1304,284.7404438596196
1305,142.17088300843173
1306,125.40434450649947
1307,57.834001696478424
1311,245.69074417797594
1312,90.2246024915662
1313,158.15497942894802
1314,491.0279443053497
1315,96.68210010936271
1318,315.9518512311833
1319,187.53792260611326
1320,220.8557944951265
1321,318.50582597006644
1322,17.626400590968494
1324,2723.44355689604
1325,110.94212888779937
1328,255.01489250411413
1329,75.76311434878994
1331,153.07353588334257
936,84.47498182958222
937,285.741793798905
938,102.89888245311744
939,48.18771348096075
940,11.779548218254918
956,140.41765185396264
957,103.61926340828853
958,36.18555419860935
959,45.87297820936022
960,28.269470338481078
974,8.772251714485607
975,442.2447349964086
976,79.2683529201958
977,74.11635519304463
978,33.411566172425786
979,64.84526659704514
993,3.296215159439835
994,121.62145153536073
995,128.4501906257601
996,135.78105617398154
997,84.12955949216068
998,48.43498142927453
1013,44.45566262284317
1014,297.5171481724606
1015,192.92145975589474
1016,164.04350690551377
1017,287.0728016104297
1018,217.7123542447485
1032,126.35015651485189
1033,93.29940055186212
1034,468.81485020013884
1035,84.87086162456518
1036,98.36208808363905
1037,182.67856246447798
1051,416.0721517744748
1052,239.90330439163293
1053,72.13350424353656
1054,31.29151736775151
1055,75.11928419071484
1056,56.50773649187673
1069,424.54245266094347
1070,228.79176716443374
1071,82.50727974820244
1072,32.56016475142657
1073,22.595766868051683
1074,112.3163970018226
1088,1123.232058115371
1089,620.35531356274
1090,77.13152697989254
1091,13.295498644627033
1092,5.24998945295662
1093,5.407158335404196
1094,89.51959661912456
1107,2794.549748033884
1108,189.28872467591518
1109,19.731138070625033
1110,6.464591228489031
1111,10.659647082178711
1112,87.55090464289194
1125,719.4277078442042
1126,255.03150883176122
1127,39.03536027041962
1128,5.249322011578525
1129,7.010578012186051
1130,50.90598219806325
1131,848.5166363306546
1144,116.6751748987627
1145,46.83978949656621
1146,33.88397980202179
1147,21.06281893123763
1148,6.62371493215538
1149,229.08027236931036
1162,1060.6883824657639
1163,90.25553055884154
1164,106.17381175697457
1165,33.030061426443616
1166,91.10715338188469
1167,9.106434203324559
1168,152.29117285889666
1181,180.43530885465066
1182,41.725346718200576
1183,53.26385727291907
1184,13.399420818792594
1185,26.063692362140888
1186,17.74747376495635
1199,466.2208356871344
1200,117.62079635212027
1201,10.41982989947642
1202,31.89378885069498
1203,51.48122181270911
1204,0.7478999299163908
1205,36.097613729711654
1218,69.71393213009375
1219,73.43707808662403
1220,22.65480310014117
1221,4.608411445362661
1222,7.081262107878351
1223,2.262147294406106
1224,4.374941878620086
1237,97.59907724567896
1238,193.94982354658677
1239,5.890811187303956
1240,3.9385630012817265
1241,23.16457891363025
1242,61.15626373067395
1243,25.57814616097342
1254,158.29650124372603
1255,59.4358851180167
1256,11.113883634318718
1257,22.43566367933564
1258,13.50722713064005
1259,2.5114242977818804
1270,0.633861413397207
1271,259.3353291081098
1272,12.065678631208163
1273,3.3712896258468734
1274,3.4721883550196937
1275,5.292540603566345
1276,7.225603673888591
1286,528.8681155649058
1287,13.271228292937094
1288,4.20670954459259
1289,2.6944396026490964
1297,137.25056346457245
1298,110.21041977002879
1299,6.3586780353258785
1300,0.9966579297512078
1301,0.36035905514612115
1308,1802.649298425927
1309,24.44001591370002
1316,1085.411999086264
1317,12.585739511605462
1323,17.355288692550758
1326,1014.2640015808639
1327,8.589510679730159
1330,0.2230721041837698
1,39.93820219884022
2,69.80797789222288
3,127.23532558467156
4,0.20625838454769338
5,115.90177475094511
6,146.1419292054045
7,287.43251784728324
8,125.05707982208351
9,544.4115961915568
10,127.50688552274086
11,76.75203650620156
12,151.41791419876745
13,182.51992638359485
14,95.89577441816682
15,128.18427045670856
16,280.5507678841502
17,47.38479933967741
18,112.90093754556233
19,91.17983737063761
20,48.953953490963926
21,49.696168003752256
22,71.44337643503319
23,55.16118781411144
24,72.7200513049128
25,36.911556503303494
26,126.70312923539053
27,368.9222143266141
28,27.430008825318833
29,23.162416088219775
30,233.61182481761355
31,46.71098046727113
32,210.4776178939775
33,56.67334463092918
34,32.38089499013603
35,122.33484191071712
36,205.70314906133035
37,167.43393847752154
38,26.734842349924
39,50.140438897340765
40,128.50119922531337
41,53.53754783205317
42,205.31947817942043
43,53.54062134500261
44,24.003160713110706
45,72.08049951332977
46,134.72009337187953
47,120.47322887065805
48,51.03081994509343
49,98.04380527398713
50,115.27570039799159
55,154.9244139665723
67,288.5135132132739
81,62.1240377100582
752,23.167231001625733
799,48.00423188647737
822,40.026204258746304
823,20.382610781736805
824,18.118226290655446
843,138.5289114951447
844,23.771310285748285
845,42.322963408496975
846,10.91463234268814
864,15.902033014576325
865,13.935160487419187
866,12.485495890413873
884,17.15183677683697
885,29.3798339015752
886,16.10482598055445
887,13.743166172754776
905,21.48333253776164
906,13.01233551531157
907,16.15916852841294
924,67.98061902054602
925,62.624799315855626
926,14.539151448540586
927,13.642608680303987
944,30.793330469422024
945,106.52817072963447
946,24.231636171344043
963,49.66764905124409
964,15.924670570229134
965,109.57868968310446
966,12.988844608194078
982,31.839941781518736
983,50.28206381751444
984,23.44123600628199
1001,141.15126539800835
1002,33.627746110196085
1003,97.86314403374944
1004,22.6423522464714
1021,210.353156156102
1022,187.74484372420645
1023,115.08376752291454
1040,70.93032142912676
1041,73.63998461282883
1042,55.72867149207781
1043,540.02902473851
1059,76.87744177017524
1060,59.450794788134594
1061,57.963768650879395
1077,151.0958105145194
1078,43.89655297779043
1079,33.012646897347416
1080,96.5506133894803
1097,35.26032170459075
1098,122.08329973610364
1099,137.26495558995742
1115,64.75163178955566
1116,23.933139055457325
1117,37.29714685398422
1118,46.734273894269656
1134,100.12974530415038
1135,23.88948485586445
1136,36.463680257439634
1152,126.89041535077943
1153,49.10272925441413
1154,28.441383928255792
1155,343.64613237085945
1171,211.56899060799088
1172,23.584037283444943
1173,37.95680606147578
1189,449.87369483123604
1190,49.53540033893322
1191,65.99403863396256
1192,55.413961093077916
1208,327.4373701131471
1209,57.28929715873273
1210,41.7302619761274
1227,253.42176570346163
1228,1289.6738993343474
1229,34.43650885585407
1230,34.11204673379331
1246,105.80826482349468
1247,129.23952740592208
1262,28.671232023875792
1263,94.5561648136005
1264,65.06959577703672
1279,67.25621814512324
1291,26.062704028157768
331,0
372,0
455,0.2615661919116974
497,0.27000525030094774
519,0.5487690700139176
543,5.017242149543292
567,35.067750842510556
592,0.5464247263102818
593,7.019743898200454
617,5.478283120862878
642,23.501270311622537
666,10.81593840274477
691,5.175665133853639
692,87.1990073923236
717,92.12276154029982
718,144.25602016321739
719,66.84582994782635
720,18.583769044387992
721,10.59292218639167
722,13.57489320219096
723,26.16811838284838
724,11.278023960910325
742,562.6436928632487
743,52.78167624888533
744,83.98865690684632
745,6.496629013724184
746,33.38925872942973
747,21.696948359851454
748,8.072592554393678
749,16.071404048206062
766,116.69975362387558
767,303.1808506826409
768,194.26413839557765
769,48.29229611163939
770,8.910707580785822
771,26.739785674488406
772,4.802000473836466
773,19.2465817909509
790,0
791,319.9545954621199
792,47.49910114050214
793,27.558714652919903
794,15.585208565717716
795,18.18538552101036
796,12.850034053180526
813,264.39699337054657
814,137.63144657587492
815,11.680183034262296
816,5.867047556725499
817,38.12800998486199
818,11.474443756471379
835,237.42343209783522
836,127.38165500188173
837,15.123446445478793
838,14.394352839704721
839,7.2184471851881185
840,27.252068617016832
856,214.09192601877317
857,35.411959338763296
858,6.570440763209024
859,37.81909050274285
860,10.294760803537368
876,1635.1786972506447
877,580.6881061156058
878,35.70236991279485
879,4.52188986007826
880,20.289869842293157
881,94.2756658118656
897,860.9731643880966
898,47.185274268620276
899,34.2831001625987
900,4.157818620919333
901,54.27886478820419
917,308.4016799050524
918,173.25949043463288
919,39.315647693669135
920,10.332934001632651
921,57.644578248952435
725,11.211729203853636
726,19.51553446531862
727,20.606291639768646
750,8.500880794379214
751,106.31222317070217
774,7.961484574463466
775,161.9299280993084
776,94.65227783072079
797,111.06276434956912
798,600.1612324737787
819,51.490982282370396
820,72.96104253348462
821,72.59696797590748
841,10.939140446935623
842,89.21220034069276
861,9.756209911525621
862,24.876463819118474
863,18.820593564133365
882,27.926346681772394
883,24.53658519057563
902,27.195936608563542
903,58.030702918787604
904,179.1360063877952
922,87.63060199934263
923,56.49652184911555
941,148.0838550728329
942,144.08715863294677
943,69.35704779365072
961,686.0183125747495
962,73.01137782140361
980,124.71277756828603
981,105.17808006634182
999,239.26844488052606
1000,813.9976584456825
1019,1003.0777012863124
1020,261.38653811950707
1038,140.41954948399686
1039,1612.3863946945955
1057,263.7226629756812
1058,76.27349687505163
1075,103.35769794000196
1076,148.5248957734022
1095,252.97667933957288
1096,122.09053282045073
1113,205.75530345975264
1114,59.23295303329633
1132,94.89060134378929
1133,57.31047534748382
1150,61.91281805492325
1151,161.6941999665994
1169,368.8606333437919
1170,506.2322626641845
1187,111.52544621912077
1188,133.61496265527356
1206,114.50456986478319
1207,114.72241347010885
1225,28.33626952797528
1226,52.623698508796636
1244,37.70555793255272
1245,95.204923151967
1260,13.91131273837579
1261,14.228562216395932
1277,42.66330553441086
1278,24.461383705802596
1290,8.404807071920732
1310,0
